x	y	clickSelects
-0.106627921351165	-2.40995106590384	542
-0.07679274003465	-1.17987903221817	542
-0.07938859859079	-2.36265855381529	542
-0.011402597819493	-2.3893821920369	542
-0.034598573378754	-2.23801798231954	542
-0.065929658221564	-2.30070191443836	542
-0.123908545138776	-2.42398475331381	542
-0.052609473034883	-1.57658639401161	542
-0.120475649312362	-1.93972013645394	542
-0.019042517565077	-2.08477970280835	542
-0.103468464764019	-2.45848960192506	542
-0.050699523534328	-1.41344626417692	542
0.002605346420118	-2.49791382199788	542
-0.11718605565623	-1.61183568422784	542
-0.101785374121611	-2.4340266470929	542
-0.036795060258231	-1.99031525978309	542
-0.026984709262998	-2.01327098302983	542
-0.077984531529471	-2.18039990204605	542
-0.052185214131525	-1.80359662500508	542
-0.024302984771213	-2.38696484840889	542
-0.088782832926423	-1.97801861120468	542
-0.025099427314815	-2.33278249583855	542
-0.100511949862284	-0.452852157631056	542
-0.092087487363169	-0.7214824086621	542
-0.103923950996696	-2.27690106877067	542
-0.1088905867175	-2.14124880642611	542
-0.086228513493111	-2.46739208425794	542
-0.104135431507829	-1.72766170973242	1151
-0.0596782045074	-2.2323861183986	1151
-0.106118379840461	-2.29307435515475	542
-0.111597264310033	-1.50966371104931	1151
-0.031104661572617	-2.44352418508414	1151
-0.106791809255363	-1.94087628483459	1151
-0.09046237256612	-2.18234378993495	1151
-0.124454989737075	-1.83109658316086	542
-0.061915730679906	-2.25004043478674	1151
-0.026443474116456	-1.80182726815251	1151
-0.107314083811786	0.147892444218009	1151
-0.102868330437457	-1.12852551579382	1151
-0.070191917493433	-0.946271274566379	542
-0.037867837095544	-2.12087451725156	542
-0.123501728126174	-1.91519139851508	542
-0.064920632703806	-2.19027781496484	542
-0.06116138131164	-2.33960836586323	542
-0.017965104458243	-2.03356575127719	542
-0.09269309175344	-1.7436596799204	542
-0.030362572439068	-1.77041952113284	542
-0.108373456780981	-2.14656564044804	542
-0.040762470908406	-1.6190184039927	542
-0.063995421561748	-1.90470732279514	542
-0.101066187616684	-1.50934697396399	542
-0.124130401435907	-1.31835124818348	542
-0.109998809701752	-0.496733153275136	542
-0.088194113438578	-1.9638102979544	542
-0.091070701786456	-1.0581445471244	542
-0.098907116339089	-1.99317447359679	542
-0.100801040218936	-1.95167649941563	542
-0.074949892661724	-1.24471795245306	542
-0.060077460591693	-2.1913174160185	542
-0.045604839257055	-1.78883385740734	542
-0.092296587332923	-1.89784017413868	1111
-0.115370931805369	-1.44581664021314	542
-0.098298041273899	-2.12850114430686	542
-0.113760767696509	-0.579902603981124	542
-0.100405719732475	-2.27847040193848	542
-0.123863093521046	-1.76352152781721	542
-0.057802492428559	-1.91601972499349	542
-0.078233170857473	-1.97233520425977	542
-0.117219216343675	-2.16058308322162	542
-0.088230301196835	-1.93708148588795	542
-0.095971320554811	-2.47546355215724	542
-0.030982920152757	-2.20529947374185	542
-0.022863973764129	-2.3416575257446	542
-0.12076809525879	-0.571202104130375	542
-0.074745179218161	-2.36359638699979	542
-0.084012539978823	-1.22103975531231	542
-0.020424121552763	-2.04950067120439	542
-0.105677681760571	-0.0606836793602543	542
-0.037862743324882	-1.92204804289077	542
-0.066877433749438	-2.11633941718366	542
-0.029355570301566	-2.06090485213348	542
-0.034151429622434	-2.03082981189575	542
-0.044911660689175	-2.169771148729	542
-0.120284731359444	-2.32323041814683	542
-0.115758928511055	-0.71848212601674	542
-0.087853992092248	-2.47509423490305	542
-0.084462581112476	-1.98399677253717	542
-0.123601866872232	-0.19939132959686	542
-0.117484211870757	-2.4926804133227	542
-0.118462542215753	-2.35957298940092	542
-0.098642109038444	-1.32868991594957	542
-0.091457664065002	-1.79837107905124	542
-0.109463844738446	-1.93364142389356	542
-0.095865120591987	-0.817517610597725	542
-0.10005088157606	-0.965298702657579	542
-0.071788573838189	-1.15288067195449	542
-0.1024221366812	-0.464858743201745	542
-0.073318707526457	-2.30571736695083	542
-0.09677569225719	-2.41944830909585	542
-0.11436960566451	-1.94745425565774	542
-0.095353658794947	-2.3375138213094	542
-0.055764169712057	-1.65259696424633	542
-0.11392268078645	-2.41295836717907	542
-0.030851141698327	-2.02353626576159	542
-0.078101889971382	-2.41704368401807	542
-0.059010841509847	-2.46038272538465	542
-0.102480838053726	-1.13475618826702	542
-0.085266528288812	-1.90097407179528	542
-0.103504077998942	-2.23817224965229	542
-0.114728518574415	-2.27963985074093	542
-0.105609840791289	-2.10607308751693	542
-0.047590061560771	-1.84273399436479	542
-0.091589566355751	-0.904584090879515	542
-0.08247225691837	-2.10641511698885	542
-0.088501312869832	-2.38968222782736	542
-0.070905778942648	-2.39143682693049	542
-0.121484560678808	-2.16776167335964	542
-0.100432466299417	-1.27056082667242	542
-0.12486853335682	-2.34066276971995	542
-0.055962880715727	-2.49484701972653	542
-0.098210925754641	-2.29828177105614	542
-0.105449787488018	-0.734825101401452	542
-0.110499852023674	-2.38083459616715	542
-0.025902499363654	-2.4953228179225	542
-0.114133141627532	-0.438243417501412	542
-0.073890147856202	-2.13882174827454	542
-0.117236198863178	-1.364830415521	542
-0.121912051144899	-1.45536018370263	542
-0.014432336367456	-2.32987897110077	542
-0.106958107990839	-2.40417174954363	542
-0.079573348630369	-1.73606909049176	542
-0.100374285033602	-1.79068959050126	542
-0.116978813683462	-2.00518741127215	542
-0.095872674119618	-2.37653544117512	542
-0.070603238055208	-1.23627018938312	542
-0.115835577558076	-2.26788199943739	542
-0.121640135417952	-2.09943787810498	542
-0.105261522712724	-2.33842009295488	542
-0.086820541743688	-2.24653339429277	542
-0.105719365779341	-2.2918833566674	542
-0.056332331870258	-1.63284223201829	542
-0.087525988613473	-2.34442040093178	542
-0.016802535494571	-2.28619029709099	542
-0.098514863184025	-1.63137234848271	542
-0.122962560756589	-2.16081181327162	542
-0.118564892639608	-2.47188131770196	542
-0.020625412808506	-2.40259839831985	542
-0.118701366233884	-1.82285140223906	542
-0.099753963599724	-1.27223518164716	542
-0.083275844191771	-2.40205702925431	542
-0.029638364552704	-2.04040003149532	542
-0.028735664581543	-2.04850849200628	542
-0.102729914727322	-0.373957383629424	542
-0.108604413037245	-2.12801448387027	542
-0.028650199831101	-2.04095802106708	542
-0.072728410712869	-1.13680591371424	542
-0.061084910304253	-2.26576317975763	542
-0.011968275500962	-2.42717526701966	542
-0.091433077888766	-1.08781472084586	542
-0.116008320310684	-1.44815079720741	542
-0.085568242705233	-0.890412770627385	542
-0.063307675456584	-2.41945894573262	542
-0.054935678656075	-2.00268679462988	542
-0.092536564508093	-1.16456770220205	2024
-0.077538972375677	-1.89934626063293	2024
-0.091358678674887	-2.17954344804338	2024
-0.106074143315046	-2.19745611293301	680
-0.00511723729568703	-2.46544474169288	680
-0.016507610442845	-2.27129597777352	680
-0.100132542268626	-2.42995405913092	680
-0.017468416826847	-2.26402701138898	680
-0.113990370214258	-2.46344851111438	680
-0.059222049890616	-1.49396716814384	680
-0.110035717729448	-2.01843568321249	680
-0.00758096678629699	-2.43262040322779	680
-0.115887176884343	-2.26518154714853	680
-0.07696986362386	-2.17900386833339	680
-0.112160337858197	-1.03685025204724	680
-0.095825308545127	-1.36929093371331	680
-0.104654710540582	-2.13002384992058	680
-0.101164885456321	-0.482293077159627	680
-0.037731272104607	-1.91000870709608	680
-0.064024307295024	-2.26277533859061	680
-0.102296202041355	-2.20863025254418	680
-0.110533847474595	-2.4912774389738	2081
-0.00884702549739302	-2.2490485993084	680
-0.00653651377869902	-2.45053556331522	680
-0.101939164874829	-2.099998321723	2081
-0.122753822401383	-2.20749674113922	2081
-0.123833997688803	-2.47821001223135	2081
-0.024266797286452	-2.13609183240361	2081
-0.089279195462687	-2.30702100696194	2081
-0.11597206493592	-2.10746840967255	2081
-0.121201868630026	-2.46445024181821	2081
-0.103180248745404	-0.74796542280052	2081
-0.121869408010223	-1.80687494548934	2081
-0.088733732785412	-2.44989621476507	2081
-0.095836343817485	-2.46069797431833	2081
-0.056388802719996	-2.35364136098985	2081
-0.111447358240158	-1.98254724402744	2081
-0.103070481350457	-2.27874560102896	2081
-0.042943179787073	-2.26138306683622	2081
-0.108748813550538	-0.149478756240222	2081
-0.114842464137027	-1.29792394484609	2081
-0.113811840780044	-0.215639465492782	2081
-0.018221363809219	-2.28392345585832	2081
-0.071859384226747	-2.36526669668526	2081
-0.085226263539782	-2.05292373881903	2081
-0.032200432897156	-2.43888531791655	2081
-0.086251990129505	-2.23545099631895	2081
-0.08853620247258	-1.12531279304985	2081
-0.094650868175412	-2.36116554145307	2081
-0.119382824888182	-2.22287907623819	2081
-0.112055324455881	-1.99735913133	680
-0.115444659426433	-2.24465595444005	2081
-0.016490272375987	-2.20334572786025	2081
-0.096604056861281	-2.37888354690746	2081
-0.106479837732285	-1.47397472955027	2081
-0.063166058924989	-2.45653553928499	2081
-0.035200030281692	-2.38863556470358	2081
-0.01307970210807	-2.20105237576547	2081
-0.081455859272724	-2.22785819954956	2081
-0.11014162774885	-1.23749700463977	2081
-0.090013814676956	-1.59289808967922	2081
-0.071313668177369	-1.64498520453239	2722
-0.112155292820317	-2.36556497692341	2722
-0.117867487672627	-0.263118440430415	2722
-0.120601435840927	-0.765548685357131	2722
-0.08175598013809	-1.46477776406682	2722
-0.091019971624957	-1.25968111190211	2722
-0.095965356697129	-2.18833061414037	2722
-0.078513008799474	-1.91099820743925	2262
-0.09723988627408	-2.44050156370642	488
-0.108479090702269	-2.20427925653161	488
-0.105417777934187	-2.46769051073984	488
-0.101300346512696	-1.58011361131398	488
-0.111180882160193	-2.4226636038621	488
-0.086980323299662	-2.28603722791489	488
-0.109324667738659	-2.3816616626737	488
-0.051271011796258	-2.33938277781089	488
-0.040871438834078	-1.98506507752966	488
-0.123226128198681	-2.39065279721334	488
-0.066976174758049	-1.41689714804043	488
-0.08768319409514	-2.29124974532959	488
-0.113763299753307	-2.18578862252415	488
-0.109410923850496	-1.82661433876099	488
-0.103717187548252	-1.92111894318218	488
-0.06508607416574	-1.17762877273835	488
-0.092565761895591	-0.992030646652617	488
-0.086894749334847	-0.831872601712518	488
-0.117467288736576	-0.242062562642706	488
-0.106789564840641	-2.21532787566911	488
-0.076582510927624	-1.30102801926501	488
-0.120404096461217	-1.30914916984819	488
-0.032058384526865	-2.15278216288191	488
-0.020254095443322	-2.07614748928567	488
-0.102515770761482	-1.47723827387077	488
-0.063435512613315	-2.32062621958143	488
-0.102547502926071	-1.92641551191064	488
-0.11276284241324	-2.31574862255325	488
-0.123448710429335	0.124288477367062	488
-0.066749764782823	-1.6695703362041	488
-0.00195621104133098	-2.40955926088858	488
-0.070232194173705	-1.53528126718579	488
-0.025528046829771	-2.11955324450136	488
-0.082916813347235	-1.9106021879192	488
-0.071641376969733	-2.31730685983825	488
-0.044585731751819	-1.5770731409174	488
-0.095629443682413	-1.99131762463729	488
-0.100162889805481	-1.96798541901836	488
-0.11752688924847	-0.433354348245941	488
-0.107449131043849	-1.69660703728973	488
-0.063652840724882	-1.98158511974416	488
-0.11543599166859	-1.99125224320845	85
-0.031663215628161	-1.74726474147466	85
-0.038956335177123	-2.16917788583099	85
-0.112019531405668	-0.718386801243943	85
-0.05424379516838	-2.20713580764468	85
-0.102192618042785	-2.19345455952127	85
-0.09787632294905	-2.41387267581125	85
-0.056583507059921	-1.84280070042299	85
-0.116298935538441	-1.4553766232858	85
-0.087466184341533	-1.65543657628969	85
-0.121344822596716	-1.46284908928524	85
-0.100253189281195	-2.33397769703139	85
-0.083165949944971	-2.27152644849785	85
-0.116294891928735	-2.00627036831567	85
-0.083329949670092	-0.908784211475829	85
-0.12292714629313	-2.15251025707238	85
-0.101031841936038	-0.950003700805891	85
-0.109562413909831	-2.16795135949179	85
-0.092778445158581	-1.66477418603248	85
-0.016355814430296	-2.31022240754403	85
-0.063590996175929	-2.32948396346061	85
-0.116130918378779	-1.5800180602278	1876
-0.083584852010092	-0.958295391000788	1876
-0.059675981957411	-2.10001337260716	1876
-0.086660711194539	-1.09780274680496	1876
-0.070759301587634	-1.54248776771717	1876
-0.106366068857814	-2.34674179517255	1876
-0.099081772456833	-0.817859646375345	1876
-0.074874189016773	-2.13856918624115	1876
-0.03263540085505	-2.00476392393774	1876
-0.020248966323243	-1.96711153407787	1876
-0.098079597255465	-1.81246114714855	1876
-0.120012819807144	-1.73069219944072	1876
-0.077273632143512	-2.44855472219767	1876
-0.057466222381864	-1.98073248832621	85
-0.10395244855188	-0.897168470552472	85
-0.088920378210096	-1.02646225182531	85
-0.070740594910179	-2.01396572365595	85
-0.058819100403168	-1.52971794201877	85
-0.118268142857822	-1.93209035465769	719
-0.052702661967041	-1.59307993090585	719
-0.115150614763869	-1.62324625475396	719
-0.082106832857285	-1.05717815913236	719
-0.041038563117547	-1.84371027316143	719
-0.06669106026392	-1.92883229490935	719
-0.097774388826604	-1.47120203698984	719
-0.118131471826181	-1.33911164570481	719
-0.079920563249536	-2.42278775074331	719
-0.051787701431568	-2.31653122699117	719
-0.117338371560824	-1.52912848476545	719
-0.09820182896191	-0.521273454550985	719
-0.089300966925419	-1.01142994031204	719
-0.090413934550716	-1.98271265309876	719
-0.106795132307285	-0.699751077982615	719
-0.121079421769204	-2.36837707086858	719
-0.101540812121034	-0.68531294295529	719
-0.077356923308882	-2.40736290026153	719
-0.101391009311706	-2.29575057354896	719
-0.124351929196333	-2.21945297835112	719
-0.044905470095123	-1.88615285902793	719
-0.062270773535423	-2.38818378839546	719
-0.123142851952984	-2.49708327419929	719
-0.122976375111232	-2.48420795711705	719
-0.120565320798281	-1.21737607314525	719
-0.11638558718476	-1.85372626664514	719
-0.088498263501208	-0.985118280594723	719
-0.100928276616996	-1.98199039098847	719
-0.120003402673018	-2.29589907607209	719
-0.081846523962117	-1.7063592530728	719
-0.096810122931081	-2.37931929665414	719
-0.100426026147378	-1.28635498184107	719
-0.117876465460354	-1.67321649610326	719
-0.043206402811877	-2.05883801111522	719
-0.059476677020401	-1.77520743272078	719
-0.101816012248227	-0.75260426745065	719
-0.057624887465192	-1.63612673441528	719
-0.122568632771755	-1.74983368302909	719
-0.015158977803065	-2.36766108620366	719
-0.112540027940999	-2.48322057581652	719
-0.043308976090454	-2.01397827094919	719
-0.106623562374711	-2.00353530425565	719
-0.082110925974899	-1.03893287887094	719
-0.100745049260776	-1.91001858623605	719
-0.096244970290635	-0.668147256571114	719
-0.049617905226341	-2.16594726668382	719
-0.049636532759489	-1.54820894286402	719
-0.073415887412427	-2.30414229891519	719
-0.08324752267317	-2.43364790819189	719
-0.079776316617903	-1.03088286790295	719
-0.08088704247759	-1.15678603768258	719
-0.061854731339952	-1.53404153797509	719
-0.114605443380368	-2.1407464624965	719
-0.058880896428372	-2.04201485712675	719
-0.092759937706375	-0.628438255999447	719
-0.083216318396626	-1.40362394079443	719
-0.017258785183662	-2.03458357403323	719
-0.102797198776338	-1.35268709755925	719
-0.107785429417566	-1.49461214786475	719
-0.087996379715654	-1.91044285909113	719
-0.108605275726784	-0.249696790423169	719
-0.080187877869712	-0.878796202281919	719
-0.058306732961095	-1.98689135817796	719
-0.076569262656817	-0.849277301918421	719
-0.051850539548619	-2.25715915298909	719
-0.12146461797366	-1.75382646704217	719
-0.101675959381711	-2.27836041188616	719
-0.109322488010933	-1.95453837789146	719
-0.096845375801588	-0.503737141385908	719
-0.105781065961996	-0.277368976468151	719
-0.108737466150015	-0.753538885468367	719
-0.099559307994995	-0.0951623575343694	719
-0.066331183083328	-2.06754726946467	719
-0.121367273531681	-1.25437033880442	719
-0.083894256556789	-2.15936123459452	719
-0.078077602623587	-2.23090778075777	719
-0.066856997809628	-0.889591857377839	719
-0.110303830762156	-1.65978468091934	1026
-0.120550246059937	-1.54629316523267	1026
-0.110126170249841	-0.99341919326177	1026
-0.03867277853611	-2.14534878317035	1026
-0.111991814416312	-2.16141533371803	1026
-0.04715915448951	-2.11969440035038	1026
-0.112382634003273	-1.44089104746984	1026
-0.05796380607537	-2.44666051765536	1026
-0.038070892393869	-2.28966079162786	297
0.015673414981617	-2.34532847112741	297
-0.113829583910147	-1.30724285375414	297
-0.115644831044634	-1.27037165002385	297
-0.058163590263442	-1.26088326820862	297
-0.066253543553687	-0.986716390660432	297
-0.092833171520555	-1.11748907410553	297
-0.096341677194288	-0.0569450646026333	297
-0.097592153581174	-2.40779757842921	297
-0.033452506670703	-1.6524082868117	297
-0.122949419623656	-1.66080486208936	297
-0.115548303217376	-2.47009678838947	297
-0.119397335895118	-2.46521541333288	297
-0.110190071464233	-1.85442598960178	297
-0.076386234653556	-0.4650234368766	297
-0.111030095250017	-1.07718526466163	297
-0.10222926285812	-0.0111570151165337	297
-0.06180451659815	-1.42779854456883	297
0.00923349518214101	-2.14013059089795	297
-0.061778866505193	-0.620834153606607	297
-0.036842163051284	-2.2201303677401	297
-0.109441236019714	-1.50468853431784	297
-0.106787380193597	0.382041133929892	297
-0.105102618418129	0.00337442610502592	297
-0.087132543505854	-2.19083179136039	297
-0.037164870962993	-1.84285219154478	297
-0.043215045444922	-2.23950656760071	297
-0.102444154759929	-1.64406038381167	297
-0.095913083010281	-2.48553339526016	297
-0.090472089555979	-2.47816806703125	297
-0.026615099443518	-2.4694170607148	297
-0.111088004827554	-0.12947170471541	297
-0.112676658830428	-2.07715599047103	297
-0.084538524918768	-2.42237817451352	297
-0.119116610744253	-1.78578340630457	297
-0.124472870169759	-1.16843049947605	297
-0.086356691172799	-2.14949924050476	297
-0.048321114304367	-2.38807672055751	297
-0.090880655912953	-2.26305676190042	297
-0.100918704402823	-1.95573726886727	297
-0.076848146924296	-2.43150379183426	297
-0.07723623799991	-2.48609333542903	297
-0.067206168216799	-1.59844057444292	297
-0.01686608250662	-1.8926735326705	297
-0.040262075024997	-2.05718945160306	297
-0.060839289412305	-2.36240724647749	297
0.011677603139356	-2.41041180138732	297
-0.078447212913863	-2.07883467427181	297
-0.085723942643826	-0.837530070640867	297
-0.081431034519803	-1.87138748366032	297
-0.069603473282068	-2.1053083429326	297
-0.027577110312514	-2.48272194623977	297
-0.087284376966948	-0.607042093842691	297
-0.089297749246161	-2.40982171055871	297
-0.113219978922851	-1.93063445771832	297
-0.089353511055992	-2.41578914802077	297
-0.00984140256082999	-2.24133316091125	297
-0.000512095497623988	-2.45569179535867	297
-0.095715059958795	-2.05898955138717	297
-0.044312235099413	-1.73177152146593	297
-0.108489963454342	-1.31940430923591	297
-0.052716839023973	-1.3565776696681	297
-0.064892743127389	-1.94381017488831	297
-0.077236305172742	-0.988344360969009	297
-0.047302755683298	-1.5978404424791	297
-0.078261900989358	-0.84534172920767	297
-0.02925353653293	-1.83033109733287	297
0.000994401119918997	-2.30181853506494	297
-0.055535279698703	-1.79065741967851	297
-0.068891430556555	-1.34355137702418	297
-0.016315944224179	-2.4467850747293	297
0.00539866788560001	-2.47799120039103	297
-0.072347561226361	-2.22781970359589	297
-0.097755127301022	-1.42695149297986	297
-0.072277486659063	-1.95693464988726	297
-0.082708941225895	-1.97442794903578	297
-0.110075657200104	-2.08792563083279	297
-0.090806890569415	-1.47533771525399	297
-0.07246250118536	-2.35188740579382	297
-0.094647926670034	-1.78582071374507	297
-0.116522188692769	-1.35151371970537	297
-0.055430162566218	-1.36303771954239	297
-0.076660250789521	-2.03817764616978	1762
-0.020780897673917	-2.08885245389385	66
-0.04873110194722	-2.22264676712405	66
-0.064740415665822	-2.10969911345208	66
-0.057267565818495	-1.35951442004171	66
-0.120558369266575	-1.35084730391477	66
-0.085739499340593	-2.11169668609396	66
-0.046216279168698	-1.38503334455273	66
-0.10998280020084	-2.16806160956777	66
-0.053605786355007	-1.29138580907324	66
-0.117756363702707	-2.11001888612768	66
-0.124889936520481	-1.26810721122179	66
-0.063356921943484	-1.34182850429732	66
-0.119368720986725	-0.935381627858382	66
-0.113056535407899	-1.15222271049246	66
-0.09020507058778	-1.96476258251573	66
-0.068229658885225	-0.78339053968684	66
-0.119804704447112	-0.557337098262242	66
-0.047243327487509	-2.37503618061277	66
-0.083576921350232	-0.615673313217388	66
-0.072304291318063	-1.5356359844848	66
-0.110874600505315	-1.3914612810187	66
-0.097479515019125	-2.28515973635066	1762
-0.116285339084101	-1.01205163738788	115
-0.110545867216561	-1.74815178733282	115
-0.078780520509237	-2.37921741803378	115
-0.103726918115127	-2.24510096581491	115
-0.029836838357623	-2.17345687117518	115
-0.118954341854146	-1.60556661489634	115
-0.087050975371195	-2.46107257693189	115
-0.070032753387136	-1.44322132590517	115
-0.085443637356031	-1.73657430673536	115
-0.088910114922663	-0.666107737079637	115
-0.092287972735044	-1.70595695932628	115
-0.094660499041959	-1.84276998502518	115
-0.071336910175037	-1.22242249401141	115
-0.103437426532472	-2.01654493539174	115
-0.055626059387702	-1.25713191339387	115
-0.092594137932786	-2.4808038019848	115
-0.056865973305008	-1.71349020669247	115
-0.065685580563265	-2.01934478791447	115
-0.111568699404304	-1.91324419667221	115
-0.08634347594141	-1.1300054288122	115
-0.092863406033839	-2.13296603607062	115
-0.105173790581549	-0.738573139094528	115
-0.05008279225054	-2.37733910419852	115
-0.119579395175299	-1.96662319041472	115
-0.08421174478301	-1.21007446574247	115
-0.121692310218369	-2.05761976506325	115
-0.080982474999718	-1.31004441674433	115
-0.0823470048801	-1.28074272849068	115
-0.07594017338502	-2.25687381340695	115
-0.048651645910911	-2.437219398669	115
-0.12307494124299	-2.14533738384523	115
-0.021694906544271	-2.16767675842862	115
-0.085263836946117	-1.66291794519139	115
-0.088793779494598	-1.56560985512725	115
-0.025744420734378	-2.11819287144047	115
-0.083164492358252	-1.57593437137089	115
-0.098723982554575	-2.36026614169197	115
-0.106640260316404	-1.29931164138731	115
-0.084391557073268	-0.43747185636131	115
-0.01911901972702	-2.32451924201187	115
-0.063141918418383	-2.29929133690691	115
-0.041775749780347	-1.44070384054762	115
-0.066829998819885	-1.75617675101409	115
-0.0651375601691	-2.41354634820071	115
-0.028971440316905	-1.62014850302084	115
-0.057210946278266	-1.10242900393199	115
-0.115222381475295	-2.45595625844413	115
-0.122297384923473	-2.29400820132037	115
-0.078499064231887	-2.19479990206704	115
-0.104134164497568	-1.9406455409267	115
-0.124666332869291	-1.36660841095128	115
-0.073190458133866	-2.47592538565397	115
-0.089959382976195	-2.43010964836145	115
-0.109531663928829	-1.9603739980582	115
-0.058556143829555	-1.93291530892734	115
-0.069012078563523	-1.79098853889399	115
-0.054397198613492	-2.17278143754185	115
-0.094886881339997	-2.48157962739304	115
-0.103923278268847	-2.16324075912766	115
-0.111283204042082	-1.96129270325454	115
-0.041292514385966	-2.05730994976852	115
-0.071346369507935	-0.461563785004617	115
-0.11559580221712	0.206722347928233	115
-0.0304904275898	-2.18902139710533	115
-0.103421176632559	-2.37686418166296	115
-0.085055253391022	-2.01743905937233	115
-0.120571535462407	-0.671533349575241	115
-0.038863774159315	-1.14246472891877	115
-0.123741949336117	-0.510216923331398	115
-0.112048287331356	0.723015375332045	1479
-0.11365441401564	-0.140856560982188	1479
-0.121411961429037	-2.25768756449953	115
-0.075794378967018	-0.371065164690084	1479
-0.123134029791707	-1.94944542124181	513
-0.04436355413346	-2.36543905258316	1367
-0.077923368607965	-0.539738990560802	1367
0.012829631132053	-2.46343374606057	1367
-0.120532559312869	-2.40711041213433	1367
-0.115784563741799	-2.31148205613821	1367
-0.094418395587752	-2.19188986546874	197
-0.110238656472345	-1.89269349324519	197
-0.087219410095042	-1.02770649895137	197
-0.083358332893841	-2.31381469501957	197
-0.043357998998945	-1.97468017955739	197
-0.122229740397891	-1.6530508663176	197
-0.087897958008398	-0.713065572652677	197
-0.097416015147457	-1.976851893583	197
-0.120526423851913	-2.43003959886728	197
-0.041005609607475	-2.48335910785827	197
-0.079345955860971	-2.49486868638879	197
-0.076308718773854	-0.690062499071277	197
-0.105532161404164	-1.18797930863633	197
-0.115084291146662	-2.31670622604476	197
-0.123517977816076	-1.28960679209547	197
-0.095070171670798	-0.841113788878661	197
-0.055435061467538	-1.24625748349319	197
-0.123629076613665	-2.34813671591967	197
-0.1177715423629	-2.13083839929854	197
-0.080704107677552	-0.951212053505899	197
-0.109835902096116	-2.48947984536181	197
-0.060924494263806	-1.6533179100467	197
-0.071117571554235	-2.40229146643484	197
-0.05107436629469	-1.46333934519756	197
-0.073340763217301	-2.22300499047377	197
-0.013770613786782	-2.15790652460905	197
-0.104735815602931	-0.490445154133386	197
-0.106677498889347	-0.189792716021727	197
-0.109191093710137	-2.43137266950445	197
-0.079736900102016	-2.28456101425321	197
-0.103429474559281	-2.4428273222527	197
-0.08671907745578	-2.28636669570474	197
-0.110043911326932	-1.76937583340559	197
-0.113012107956479	-1.61997906428994	197
-0.120917542788163	-1.38551873391505	197
-0.102468982748716	-2.44399077424624	197
-0.057297121636478	-2.47977819044929	197
-0.071516469934265	-2.22467169597463	197
-0.123152462756351	-1.80896956504129	197
-0.086292501447262	-2.3883719215146	197
-0.089339377033205	-2.46571958127973	197
-0.114021962335759	-1.89498082771245	197
-0.080697820462053	-1.958546719841	197
-0.113124469739827	-0.958254221458152	197
-0.122722554103015	-1.95367586960398	197
-0.027402801017031	-2.16656926486962	2673
-0.042306835687798	-2.43390736095733	1820
-0.069335275871009	-2.44784379624008	1820
-0.099175164762228	-0.760969699268316	1820
-0.090937075733932	-2.0008532579059	1820
-0.11445836947815	-0.44976701719875	1820
-0.04311642457805	-1.77118494540121	1820
-0.038944977668854	-1.84259392936773	1820
-0.025891680191911	-2.34144285703778	1820
-0.084258806478582	-0.85077606495984	1820
-0.072416311313859	-1.37223250228502	1820
-0.071230342360959	-1.40290345829028	1820
-0.099230671029381	-0.731760197738828	1820
-0.012937796336798	-2.20737933581876	1820
-0.00605716788017302	-2.24380041163569	1820
0.00394922309353299	-2.48232181020507	1820
-0.124215019795265	-2.1730869761992	1820
-0.060219172995366	-2.1638168207595	1820
-0.116879309755716	-2.26129920399408	1820
-0.013388734216431	-2.42427990041975	1820
-0.046329060773707	-2.00441098062102	1820
-0.043464664574131	-1.89621650173692	1820
-0.080879599027792	-0.806033263704367	1820
-0.004344973863254	-2.34526442741651	1820
-0.051620794331018	-2.07542561356338	1820
-0.071932178426007	-2.34781223470928	1820
-0.092098679760719	-0.749980132819255	1820
-0.099122327844995	-1.63460883680999	1820
-0.065762397527858	-1.22199376897066	1820
-0.048238017305427	-1.85406466280672	1820
-0.082027910357421	-0.972332244850531	1820
-0.093736849188273	-1.84432093247319	1820
-0.06387854500339	-1.960786962668	1820
-0.067454731561063	-2.08844363688188	2673
-0.048854529281655	-1.07462975250344	2210
-0.074206802446503	-0.746189177191437	2210
-0.10953222569863	0.333356367728943	2210
-0.031302540127446	-2.4560166698167	2210
-0.096637465536482	-2.07028678130887	17
-0.105802324731052	-2.3787975536517	17
-0.116167292457017	-2.29751597210627	17
-0.071689816349953	-2.1633773715262	2015
-0.098267451166864	-0.399104391890859	2015
-0.116242218866679	-1.32616770181114	2015
-0.088014464026869	-1.78190806918479	2015
-0.091491779683926	-0.332111701890779	2015
-0.086181695616973	-2.06955326557646	2015
-0.117594332461054	0.400954481744498	2015
-0.108095916611577	-1.52255102667057	2015
-0.105270889353711	-1.86538298797077	2015
-0.106180437532769	0.0375760238222043	2015
-0.039714738754154	-2.44211542357807	17
-0.122516164601726	-1.90339873292592	17
-0.071704826867056	-0.622129761119362	17
-0.103001016817153	-1.74989800035023	17
-0.10525090005679	-1.9828018019406	17
-0.02658840439062	-2.42410453102474	17
-0.085485469922084	-2.18355860360389	17
-0.107521335066985	-2.0594689110522	17
-0.119803827923825	-1.8396971420909	17
-0.067395737758713	-1.6634918860628	17
-0.010503668459349	-2.00455710762714	17
-0.067400082417005	-1.97240685242975	17
-0.07120659640852	-2.31414843382729	17
-0.097382095427692	-1.97537805853409	17
-0.045159038645654	-1.81576662880212	17
-0.108314377916151	-1.92172284693565	17
-0.059695598448338	-1.40379449965061	17
-0.112930084496727	-1.30895261255128	17
-0.06148078550331	-1.61892703877616	17
-0.052675577561105	-1.04015036656077	17
-0.114687966253368	-1.48428692757378	17
-0.098654448791052	-1.40071129766405	17
-0.108550229798898	-1.2683778608893	17
-0.078577019592959	-0.672107180110549	17
-0.079179950420524	-2.12824543664532	17
-0.099328249796732	-1.99140418523938	17
-0.046374125120929	-2.35526067229709	17
-0.113307783055385	-1.17599429759327	17
-0.084098897577032	-2.37602273829948	17
-0.112054240071013	-1.84614649947667	17
-0.017753190913963	-2.30449821444251	17
-0.109637031829569	0.728904222973577	17
-0.062429494275904	-0.687174755310515	17
-0.048839185884944	-1.66012883857624	17
-0.086881219527552	-0.956816256190821	17
-0.03973481364631	-2.07744464463219	17
-0.112148209477239	-1.95213096534979	17
-0.1238101400751	-1.62251313804346	17
-0.093569297996278	-2.49191394570386	17
-0.035250196753028	-1.53199152142654	17
-0.087085155212263	-2.10844876849165	17
-0.106816147232681	0.738645532274346	17
-0.043578615466008	-1.19391778653035	17
-0.095516077892735	-1.29015886864167	17
-0.05587100623448	-1.45973333378479	17
-0.102579853954984	-2.39845539154446	17
-0.061492119957451	-0.987214485946026	17
-0.096010994993185	-0.910341018170214	17
-0.12332084889301	0.667744466889223	17
-0.099963063151756	-0.818851424641359	17
-0.034020312974048	-2.17446619035657	17
-0.089921624548744	-1.89424790112214	17
-0.067318611013949	-1.34004478887784	17
-0.079406950969993	-1.33651586839276	17
-0.058383897595198	-2.05529709112867	17
-0.105178503647769	-2.01167863247561	17
-0.082721892544032	-0.567584238119463	17
-0.123893736359705	-0.398518879439775	17
-0.0885895235123	-1.35639841921473	17
-0.081051840938981	-1.63286160701585	17
-0.055865950198637	-2.48690589999115	17
-0.11079174606736	-0.604987269681717	17
-0.015176899406302	-2.16340972637043	17
-0.02685771003688	-2.40760305505663	17
-0.040522588668296	-2.34888863918451	17
-0.020911320849569	-2.42201049349454	17
-0.092851215355871	-2.47446998872125	17
-0.062059138173949	-0.692950534963186	17
-0.10127911379661	-0.896680843125929	17
-0.122414631400848	-1.61330117724502	17
-0.111891667694832	-0.254439751226141	17
-0.092272406404197	-1.65165721543453	17
-0.073460322458655	-1.69673459568346	17
-0.050638501216027	-2.1006923108638	17
-0.019902404230231	-1.93530545842568	17
-0.116034953079656	-1.12622826417788	17
-0.076400495712816	-1.69762773051034	17
-0.057308196213912	-1.16028941060916	17
-0.113893110965905	-0.218777598083975	17
-0.00917983692350099	-2.47343055941302	17
-0.104160794688592	-1.89720108447012	17
-0.048842395106782	-2.49572313218519	17
-0.102435417426136	-1.63898125868557	17
-0.109865330791138	-2.25778573363237	17
-0.097831525033391	-1.55352871573833	17
-0.096564973813645	-1.18456335723849	17
-0.066797313284969	-1.81768696031021	17
-0.028307644090135	-1.86315288465806	17
-0.097483595976048	-1.37997884566362	17
-0.078922165984452	-1.74908752323402	17
0.00792374802731999	-2.27997151324239	17
-0.079945036523316	-1.91275374099103	17
-0.105858478109825	-0.776501166452367	17
-0.042538492107301	-1.32966126417835	17
-0.088371869262875	-0.191213389458698	17
-0.040824326101377	-2.0156102984983	17
-0.124883984709324	-1.81784079665194	17
-0.068040614601124	-2.20309627899282	17
-0.066307284995294	-2.38136519791265	17
-0.105361725974592	-2.4885119222934	17
-0.015168517820967	-2.39592375605149	17
-0.123704191052771	-2.14108083731802	17
-0.042282386095756	-2.27499433997951	17
-0.092562311047861	-1.80481337817935	17
-0.1111981164061	-1.15686930921682	17
-0.11143205106517	-0.875116214110287	17
-0.10282140166394	-1.9285433154101	17
-0.120082886389852	-1.77246565235197	17
-0.111464313786039	-2.29502527946166	17
-0.109650610894354	-1.29029923456217	17
-0.023913114904295	-2.39671702871121	17
-0.124670781145842	-2.42938589294813	17
-0.124020937092872	-1.47157641594526	17
-0.047536627688464	-1.63624761671975	384
-0.052190986320382	-1.50876068257825	384
-0.111479153586957	-2.48618301245869	384
-0.089825144892026	-2.21755853672638	384
-0.104125271608357	-1.73023766086315	384
-0.092323963365161	-0.7095206112154	1499
-0.045705695163912	-2.06814499747603	1499
-0.098634803979728	-2.200210535609	1499
-0.113750806525291	-2.46633246668058	1499
-0.073935210145732	-1.4624089253514	1499
-0.04625851058728	-1.75797168004648	1499
-0.115519956681543	-1.95523598458582	1499
-0.042479687366276	-1.91035395636096	1499
-0.072378354934304	-2.15551572079522	1499
-0.11019803450204	-1.86730174101939	1499
-0.093925157910148	-2.08658377502579	1499
-0.052348233033075	-2.16115613144737	1499
-0.115842200536524	-2.14136311998167	1499
-0.073228745927983	-2.41962439239883	1499
-0.100234749970348	-2.47493276014319	1499
-0.073614542473458	-1.70163345557956	1499
-0.086469569176455	-1.27996286102382	1499
-0.094780561542531	-2.26320858709137	1499
-0.1093609813486	-2.41415925105909	1499
-0.047659732797935	-1.87137818551041	1499
-0.08607962461465	-1.85833406157082	1499
-0.116627201865354	-1.80838907953103	1499
-0.120911007981185	-2.19516858707649	1499
-0.070717253532547	-1.89648520739495	1499
-0.059468682573436	-2.07470819575728	1499
-0.119362880200208	-2.25571958097754	1499
-0.011201633749556	-2.43866744433632	1499
-0.080532690531155	-2.05776786199483	1499
-0.093462566449268	-1.59759000162596	1499
-0.112956626844712	-1.68539877174432	1499
-0.051037062767892	-1.63359764559041	1499
-0.037044189211618	-1.81239615211448	1499
-0.087020790946067	-1.75096309174114	1499
-0.114285004977897	-1.9647056471085	1499
-0.013102058695832	-2.1856354963049	1499
-0.090137979146157	-1.7968604384029	1499
-0.110853204337929	-1.46056551054842	1499
-0.121740641032117	-1.70223743257475	1499
-0.119347776705757	0.104187192693491	1499
-0.117580528208168	-1.75575302038975	1499
-0.118750802727171	-2.27609010185669	1499
-0.105094298831916	-2.42676598564964	1499
-0.056848233491125	-1.40880255291259	1499
-0.103200308042671	-1.51961070741758	1499
-0.058393707403192	-2.12068618816712	1499
-0.123207366626599	-0.117424634919161	1499
-0.097509355578355	-1.40443323744481	1499
-0.00848044606913401	-2.19081257908143	1499
-0.018126065746075	-2.16377801279667	1499
-0.078947643450876	-2.48513944801707	1499
-0.109273794487302	-1.94784319615641	1499
-0.055216750851819	-1.54767858758958	1499
-0.089829475257429	-1.92288985413912	1499
-0.065406222069868	-2.45960962679637	1499
-0.08608513566477	-2.42318438769726	1499
-0.090148358911	-2.35248845733197	1499
-0.091503716439914	-0.751886792096791	1499
-0.051462840177121	-2.49687342851907	1499
-0.074262707177876	-2.470683638235	1499
-0.01528521444845	-2.25226913500283	1499
-0.058724624150542	-2.03483153931013	1499
-0.110523635964852	-1.80350304574606	1499
-0.01881915261919	-2.12477894297397	1499
-0.014114056854761	-2.22557811841272	1499
-0.016787299733895	-2.44352912770629	1499
-0.079091452151921	-1.04193509783669	323
-0.118951541349728	-0.220799802662751	323
-0.111204815273703	-1.63910574772795	323
-0.07993069552641	-2.27235555406061	1499
-0.092780156075002	-2.41240301064437	1499
-0.113204420106658	-2.38038328736346	1499
-0.098922576303821	-1.87615202829115	1499
-0.092935113632793	-1.61325376528884	1499
-0.122565998136881	-2.33657079048385	1499
-0.115262434601885	-2.42669638769556	1499
-0.09704598243876	-2.00859610281761	373
-0.058454015639577	-2.43144342491465	713
-0.124011225952967	0.350401134191826	1243
-0.020096998153067	-2.11426811386904	1243
-0.033909191169791	-2.17895887599531	1243
-0.065612642632311	-1.6114744843697	1243
-0.103655605297338	-2.27831672451459	1243
-0.097656276724967	-2.16010952501488	1243
-0.079419722667852	-2.10583643968948	1243
-0.060929762240789	-2.14164426462486	1243
-0.108044066002399	0.11621438799575	1243
-0.041334456340607	-1.83869952086039	1243
-0.10089462677219	-0.0892330690413123	1243
-0.105632297071483	-0.219976320780463	1243
-0.049297804200441	-2.49186944198694	1243
-0.08826337421624	-2.22635126390006	1243
-0.062892738776638	-0.157023487364753	1243
-0.073127932620076	-0.580029106367811	1103
-0.112423185692297	-2.18103678836861	1243
-0.116069221346653	-1.81199402207591	1243
-0.070970583183413	-2.3177556447068	1243
-0.07368185336647	-1.43097212749852	1243
-0.06644709868534	-1.55139052205328	1243
-0.118562505037312	-0.289026358841219	1243
-0.00506739564124498	-2.49320248083934	1243
-0.092656740992715	-1.97361833572349	1243
-0.025470545014825	-2.17382305036947	1243
-0.069423962230799	-1.57601754785983	1243
-0.099324705918273	-1.93272053710249	1243
-0.102921545455659	-2.17604637556895	1243
-0.068562356596706	-1.55466785009675	1243
-0.059848442895861	-2.2763294933555	1243
-0.047393390962973	-1.70467225037731	1243
-0.11840096506694	-2.04188980317353	1243
-0.03683416618853	-2.0150153085693	1243
-0.060443015121569	-1.74347809231256	681
-0.084551987728686	-2.05811707179473	681
-0.110772374991332	-2.48980570133727	681
-0.113681427449865	-2.28668257069505	681
-0.031874859952733	-2.0342050641821	681
-0.095589159013992	-2.40674647116442	681
-0.101935972788962	-1.95780127111014	681
-0.119275801369878	-1.72041895386511	681
-0.069386487560938	-2.37789121716645	681
-0.097152937023516	-2.46063648353624	681
-0.00989538834255099	-2.46525968486635	681
-0.106586476000795	-2.38018509378682	681
-0.116992554108494	-2.41101502012984	681
-0.09942622826151	-2.44475402187642	681
-0.116467006860847	-2.46440590729825	681
-0.092306395632205	-2.33234835707701	681
-0.123215960934687	-1.81105241459514	681
-0.080833343170593	-2.32255586695749	681
-0.110991697858438	-2.20483619135403	681
-0.061066784947111	-2.47866001854072	681
-0.119781151529899	-2.27883287759302	681
-0.094510124542263	-1.93526832718394	681
-0.036194864721808	-2.1689832042663	681
-0.114960653834795	-2.15387126380121	681
-0.07853960255935	-1.70240474065608	681
-0.014019191360458	-2.36808868278529	681
-0.00739034270732603	-2.40145145103225	681
-0.113509021205884	-1.89698877717509	681
-0.117623237744094	-1.40822443195481	1369
-0.026065755722107	-2.12658135416471	1369
-0.09900415818517	-1.36733193465608	1369
-0.103348457704544	-2.33626666511307	1369
-0.113698813930484	-2.40499590136843	1369
-0.091246361348932	-1.09582656403127	1369
-0.095781711731077	-2.04203483985694	337
-0.045655310220631	-2.49946783854205	337
-0.054875364323049	-1.77143977520871	337
-0.115005270931697	-2.02855647045349	740
-0.111809699165194	-0.768031416380899	740
-0.077321759275974	-2.28908064073492	740
-0.079195664953962	-1.60903695141308	740
-0.076290925166357	-1.08970306615752	740
-0.074389013662326	-1.63907793819214	740
-0.029703919131856	-2.28039198293756	740
-0.119222020117821	-0.380295552203102	740
-0.092227103564821	-1.26462031475314	740
-0.107060345902718	-1.86710749797584	740
-0.08161685562058	-2.240446732644	337
-0.049846207610748	-1.81378512589966	337
-0.096349294512189	-1.80828103193249	337
-0.11913677602942	-1.95652503500535	337
-0.01690806343985	-2.38874084635764	337
-0.075924606597505	-2.17044017465238	337
-0.081950820198629	-2.40141393344933	337
-0.113961484188433	0.17984884690854	337
-0.121261375034879	-2.06575705449376	337
-0.086055806606448	-2.23054537282795	337
-0.120464864259946	-2.39106862894471	337
-0.071432639407052	-1.54543358773564	337
-0.111831097499501	-1.566767762348	337
-0.011418091968623	-2.46591937151745	337
-0.062282062245761	-2.24621160901475	337
-0.094390204218193	-0.911827042186687	337
-0.073318048098128	-2.25075977126735	337
-0.11148278188331	-0.173676935285679	2891
-0.074439953303403	-1.89163987757745	2891
-0.108764643461916	-1.63675815158704	2891
-0.122756129411041	-1.99388411546993	302
-0.074540075373553	-1.39555057238404	2891
-0.086727969153404	-2.30596456857189	302
-0.103566061956529	-1.82889633694709	2891
-0.059469805790514	-2.24058998260626	302
-0.073408432799413	-2.43477532859609	302
-0.106877465407535	-1.03730075353303	302
-0.093549657826509	-2.00076257476044	302
-0.10991060312468	-2.28357370262036	302
-0.00262014690499901	-2.28298101612304	302
-0.041043146909409	-1.05742234372447	822
-0.095342792704856	-2.25404078902993	822
-0.010910742014034	-1.87099627010922	822
-0.086970390325419	-2.42782592602288	822
-0.110277585374118	-2.2936371946174	822
-0.115556517148079	-1.29780798929351	302
-0.109730463413722	-0.936245590392248	302
-0.108278941326835	-1.03361642798308	302
-0.012688871386357	-1.87474252481917	302
-0.124602220529297	-0.239455937925073	302
-0.094708684583337	-1.05509157754808	302
0.00590016322138101	-2.33868825958778	302
-0.097026928080273	-0.903621419990511	302
-0.056486588357917	-2.274629725976	302
0.00312513480536	-2.16556970146778	302
-0.037454118478402	-2.30558248355211	302
-0.032135880183866	-1.92966741900464	302
-0.036021586157244	-2.04021652652047	302
-0.00970236849314698	-2.393814481669	302
-0.043783106525489	-2.06914626314745	302
-0.052732961190425	-2.43310735760033	302
-0.070077052861681	-1.36564742691306	302
-0.043710544889587	-2.42259372969103	302
-0.092113935225238	-2.14183732150559	302
-0.037889225744281	-2.34234584364555	302
-0.061597383358072	-1.19518648407138	302
-0.019493175142682	-1.98485175813676	302
-0.106532738459388	0.0579526253561786	302
-0.066546554500577	-0.848297986480546	302
-0.104182304909196	-2.49924744137926	302
-0.07952910674208	-2.38154722940693	302
-0.103106549230756	-2.1482880019183	302
-0.060903645566697	-1.45284685767169	302
0.000091630852187996	-2.46753293637979	302
-0.10761351647027	-1.07300045439227	302
-0.022378554695359	-1.73486011144003	302
0.011350444292628	-2.44760503019785	302
-0.115340123157624	0.397462856346277	302
-0.062059238740647	-0.992604039558604	302
-0.078400898858192	-0.447433366723907	302
-0.108865632636336	0.0981963724010688	302
-0.07314720222657	-1.00805447785267	302
-0.067958091683783	-1.69116090041132	302
-0.117978538825059	-2.33618283609913	302
-0.105431432792945	-0.103208290007149	302
-0.08114378955335	-1.86115208690788	302
-0.104519777880111	-2.21966859388803	302
-0.045027294770091	-2.29725451818002	302
-0.041713433634084	-1.89989447453298	465
-0.094300919217904	-1.37601550515097	465
-0.067189036903007	-2.14809901793879	465
0.008781695384521	-2.39230947868057	465
-0.059751843938783	-1.8358222742628	465
-0.122977672432532	-1.02618839534341	465
-0.12089674509691	-1.63040286322143	465
-0.00320035813241998	-2.02845448978431	465
-0.117085187820843	-1.17335764404042	465
-0.091923497388328	-0.0225793968287453	465
-0.118085108305915	-1.41628184028452	465
-0.106428530536717	-1.64839636412572	465
-0.099437393579017	-1.08349109363653	465
-0.092719101597087	-1.82143885574403	903
-0.053696235151934	-1.54778102493446	302
-0.037336724919415	-2.02015160326417	302
-0.106882562089779	-0.649748886095281	302
-0.105003724778555	-2.25764842774158	903
-0.042444871734789	-1.09886944771094	302
-0.101520972743008	-0.505766557426628	302
-0.090948912290186	0.11190172981263	302
-0.045170499661746	-2.40364955199325	302
-0.050657605537912	-0.886656264647436	302
-0.079290659695151	-1.79347350564669	302
-0.00382215432518401	-2.11565213790889	302
-0.074816583118161	-2.15342716101478	903
-0.120390694804573	-1.09992249581178	903
-0.028059620614274	-2.49307439199494	903
0.00241301892079501	-2.28530583557796	903
-0.088813770878785	-1.46215802665651	903
-0.094995110763593	-1.11047637240383	903
-0.063142093700214	-2.45177052768004	903
-0.087698447500015	-1.63944508837597	903
-0.055711368411068	-2.35882823860027	302
-0.116150296457828	-1.6014515464003	302
-0.120561281788544	-1.46711500991923	302
-0.06628101762746	-2.03361299330913	302
-0.053236340208072	-2.40300966337005	302
-0.097888540668643	-0.140180999563703	302
-0.123515294755524	-1.13544967328965	302
-0.06433724674341	-1.06714280294128	302
0.00715308304499501	-2.47159959847237	302
-0.095742233627299	-1.90712935626236	524
-0.11269388809527	-1.55841271485386	524
-0.087206594164037	-2.14551795990661	524
-0.102739515494815	-1.66718221121179	524
-0.103367455501978	-1.4401830992417	959
-0.122431338315167	0.539965771090447	1114
0.00218215579669601	-2.1347668011601	959
-0.046623976466454	-2.46620677584139	959
-0.089979357745244	-2.4722570002238	959
-0.120219832278503	0.287314507923516	959
-0.082943282348982	-1.73074939338882	959
-0.033867384317367	-2.34290656331918	959
-0.01329806623848	-1.9382304446686	959
-0.044939318989146	-1.11167124509739	959
-0.032064588396715	-2.15383937157822	959
-0.091605788409234	-0.125694997983448	959
-0.089497480863404	-0.232169255855954	959
-0.121333291277068	-0.52964661744207	959
-0.057436796702762	-2.47126747244861	959
-0.054786963272464	-1.32278804810275	959
-0.122445386598595	-1.36671896849666	959
-0.057080955364971	-2.2930789573643	959
-0.095960477722919	-1.15540985730606	959
0.01654324624597	-2.40816014056888	959
-0.094864306218801	-1.24748080358992	959
-0.104976999163074	-1.51347283962726	959
-0.065622401691506	-1.58402455279751	959
-0.106354341849987	-1.91501882335792	545
-0.112347063583188	-1.42653149583853	545
-0.090028892008364	0.259680984059047	545
-0.109205431042785	0.00804714311755017	545
-0.049773256432595	-2.39804566284267	545
-0.070148522449741	-2.47136838380238	545
-0.07119116549576	-2.24597193098584	545
-0.102517557503682	-2.23136472358506	545
-0.058454210832949	-1.97273716989061	545
-0.109854006394708	-1.29623775118095	545
-0.100933615636771	-1.04599832823651	545
-0.034818852157973	-2.46160443532819	545
-0.095763636238062	0.148046255580603	545
-0.105259443121179	-0.434389358139478	545
-0.00435398373154	-2.45616327007144	545
-0.077559791872124	-1.86610222581802	545
-0.068377148352528	-2.31928541619524	545
-0.03434514581822	-1.52073768257857	545
-0.077487105745325	-2.49664829180677	545
-0.04741444357017	-1.65635716158956	545
-0.06393521432091	-2.24615890316619	545
-0.04729565070683	-1.80169335908991	545
-0.096944463343198	-1.49786965257692	545
-0.000223886930130979	-2.19025557309355	545
-0.074436190014418	-1.58581919084406	545
-0.071165544584225	-1.19368930387851	545
-0.111043396260672	-0.0599962531274958	893
-0.056857217670882	-2.4571365107585	893
-0.078579980580885	-2.01987733641979	893
-0.045037855890516	-2.46809763690648	893
-0.077203779684845	-2.16131262224948	893
-0.103738002113168	-1.83776289751766	893
-0.110752005372384	0.792718748549211	893
-0.119181272543561	-2.48609500548991	893
-0.119729621499461	-2.43497893622149	893
-0.121649312290167	-2.44406441049198	893
-0.098379398692319	-1.29389536982246	893
-0.062413349468612	-0.992197239689801	893
-0.114198151201998	-1.80851095877093	893
-0.051398327980644	-2.01618358143425	893
-0.066827041341115	-0.739314630275267	893
-0.00395711051409198	-2.05977949553261	893
0.00314315245975599	-2.44432547250444	893
-0.068371254310232	-1.3432716254666	893
-0.122870423126234	-1.18675859359545	893
-0.095576210907803	-1.86708311630242	893
-0.073491417808903	-2.48143998463417	893
-0.077994089453341	-0.695344373285233	893
-0.06179671494506	-0.834658540964792	893
-0.020034104146779	-1.92244151163052	893
-0.073289378176871	-2.04639526543225	893
-0.12429701338819	-1.21969630066718	893
-0.009546650577478	-1.85880213534658	893
-0.116795357561464	0.55288669580954	893
-0.085784464655468	-1.93489874000171	893
-0.00714889034619898	-2.2581700881967	893
-0.061824673123888	-2.39640075541657	893
-0.024547995983148	-2.25327256652034	893
-0.115434910406238	-1.68252106631719	444
-0.12207117255775	-2.3482865704609	444
-0.086937307880339	-2.07029164600242	444
-0.123973861837786	1.0928626427793	444
-0.087133657483264	-1.00415790688597	444
-0.047744395956821	-2.30639895572725	444
-0.114069787794981	1.01876616010987	444
0.002489798620401	-2.06830833119353	444
-0.059772972635684	-0.720245625288118	444
-0.092976954157991	-2.1635435323432	444
-0.08975900956417	-2.20319341087352	444
-0.109332576635546	-2.01178972921536	444
-0.067761699214594	-0.623155798823973	444
-0.110946642669195	0.246629927996067	444
-0.114432671794918	-2.48957528080107	444
-0.069641517090885	-0.601191339175967	444
-0.070514167117462	-0.675349700222194	444
-0.096841281350326	-1.01357730167422	444
0.00312255318694399	-2.33622063851095	180
-0.053731906283947	-1.86879452990578	180
-0.087731099615279	-0.806084175632921	180
-0.023867803295747	-1.40198567520477	180
-0.056008118893782	-2.37835899435082	180
-0.120889210275814	-0.569104805093349	180
-0.103496758552656	-1.91630997664562	180
-0.047389099185595	-1.3344659832166	180
-0.110469867355015	-1.07079006849153	180
-0.079411337446925	-1.98543313921621	180
0.000634114673189995	-2.47854857427299	180
-0.106204131265479	-1.31341287685377	180
-0.116365481145498	-2.19898001846407	180
-0.088656735411863	-2.01822031639433	180
-0.025034615734851	-1.44959949078651	180
-0.04510372798628	-2.04040453461494	180
-0.087717460843778	-2.38597777994383	180
-0.101353146110043	-2.32393689616503	180
-0.094375302121319	-2.12654967478807	180
-0.088953599163906	-0.107485580429288	180
-0.082140508947859	-0.364686372614156	180
-0.108850001644245	-1.40689504155044	180
-0.085293458841321	-1.80174580433053	180
-0.079831484895251	-1.85856126191716	180
-0.052350940616712	-2.31936442840149	180
-0.060785925144395	-0.987676427644939	180
-0.025550939042115	-1.92726848269605	180
-0.080419672060911	-1.48724976018518	180
-0.076079023807597	-1.67031895778203	180
-0.088896618083501	-1.10507305431798	180
-0.0949380224843	-2.00939697775687	180
-0.077196332213184	-2.38996772250057	180
-0.11115584715859	-1.77843874225844	180
-0.064599506909363	-1.93924056332686	180
-0.05137232429449	-2.49938989846995	180
-0.088139523083535	-1.87681773612952	180
-0.103341249813858	-1.6262589879192	180
-0.121320639646582	-1.66087602507351	180
0.00184450528394201	-2.16074243789333	180
-0.065645320737386	-2.30077580631898	180
-0.046654569267083	-1.3154206400047	180
-0.096057287474343	-0.313007296788888	180
-0.034047165995099	-2.09109928604224	444
-0.026345430708943	-1.66843432360376	444
-0.083655157635561	-1.28393337735904	444
-0.024986262874947	-1.55601519832847	444
-0.010000858107501	-1.94457025387767	444
-0.103567080706886	0.544894638449691	444
-0.09375288251122	0.133016083914636	444
-0.113843566339024	0.205822361869799	444
-0.071475498674394	-2.35229105856503	444
-0.083793374294837	-2.4348750885839	444
-0.074262211885312	-1.95256389363873	444
-0.086827420469428	-2.25777034266421	444
-0.106596927951667	-2.24471670969299	444
-0.091126697740496	-2.31050656555214	444
-0.077664112292989	-2.45686913438735	444
-0.053585017186208	-2.34315547889884	444
-0.123507695662329	0.671603463263101	444
-0.104092718350133	-2.13684331357002	444
-0.092953173336502	-0.278625255747121	444
-0.078655032695381	-0.803262941849886	444
-0.058411346541881	-1.58666796768669	444
-0.084850146104352	-1.73775703655317	72
-0.114665553768749	-2.2870172161242	72
-0.077191036738039	-1.80058761128931	72
-0.045586361606341	-2.29242102385693	72
-0.103469076577672	-1.35186853250535	72
-0.082446284179041	-2.27503460170309	72
-0.082477763490544	-2.48256634529062	72
-0.019562720724352	-2.40415219508101	72
-0.115922896915519	-2.43373306907115	72
-0.114009913040843	-1.00221375849161	72
-0.069585869696429	-1.73878361495623	72
-0.031014818548235	-1.8100013000347	72
-0.066793990342264	-1.86217108265026	72
-0.114479845594387	-1.37896839329843	72
-0.0771762717962	-0.806923094282448	72
-0.06507012220908	-2.06976127699768	268
-0.110068383168952	0.255088743173064	268
-0.079693895932594	-1.77235438315502	268
-0.118403699635003	0.174158719329709	268
-0.113138552421782	-2.38627878852448	72
-0.117019584726493	-2.29771909405743	72
-0.108155105396718	-0.488925618418245	72
-0.121073162790777	-2.28219552921622	72
-0.008527861386664	-2.37457055089561	72
-0.087825011170621	-1.0681384950836	72
-0.016742874935198	-2.43865045578801	72
-0.043436972026684	-2.14293034266624	72
-0.061643504034684	-1.68694654777795	72
-0.11777045020504	-2.29184217623696	72
-0.072127913071918	-1.57641961380469	72
-0.09050603344072	-1.19397033624525	72
-0.042770557501792	-2.06002600035929	72
-0.081878859822216	-2.14956697134606	72
-0.034892988741516	-2.20277809982124	72
-0.115265901989416	-2.32180085426479	72
-0.074464006796602	-1.747436084674	72
-0.114825809428377	-0.855189430167038	72
-0.041971134661621	-2.0946824199626	72
-0.024416846104702	-2.34452516618069	72
-0.049315285908008	-1.85080012817994	72
-0.048742593612585	-1.71205873028854	72
-0.0247983106046	-2.03385364224148	72
-0.052860942741175	-1.73261539493964	72
-0.064953134419118	-1.48664486750336	72
-0.024983328289386	-2.21156092481942	72
-0.04706485264358	-1.97160894248266	2663
-0.069108830829673	-2.41503080724907	2663
-0.03897436677565	-2.46036241495796	2663
-0.121044429840269	-2.10871242605172	2663
-0.090649332278001	-2.0783955582343	2663
-0.109625310233447	-0.64265842220262	2663
-0.109229690585753	-2.03601599832071	2663
-0.119690439484128	-1.3294589253408	2663
-0.01016276397068	-2.26378913042675	2663
-0.076148621828952	-2.26871684006107	2663
-0.118474568586982	-1.64288627776063	2663
-0.123271418588513	-0.454355126452887	2663
-0.048218174763289	-1.95120539990758	2663
-0.107003882179066	-1.93301707605107	2663
-0.017632726954392	-2.31209880711191	2663
-0.047304588545045	-1.94925404023858	2663
-0.00808270054201399	-2.49767400531404	2663
-0.108429003488505	-0.497742216800618	2663
-0.041419937528532	-2.03026094783817	2663
-0.093164438362983	-1.73944754426525	2663
-0.113459050306773	-2.39963085301189	72
-0.119380361903884	0.0288567368050243	72
-0.112374287406585	-0.994187717209422	72
-0.042552596213434	-2.37891973792603	72
-0.103118607792337	-1.70939782784619	72
-0.119258343206171	-2.46965973159134	72
-0.046217894091533	-1.19935222036679	72
-0.120695452621797	-2.33817531424733	72
-0.124895378601273	-2.42813833827376	72
-0.110600530172351	-2.37651257732709	72
-0.05674372911583	-2.19446542748912	72
-0.056907372487671	-1.98248166273065	72
-0.026506669855762	-2.20907078463587	72
-0.117380550453354	-1.84160973996773	72
-0.105452398223188	-0.60070679358518	72
-0.115761606704024	-1.29512644743075	72
-0.114185563571931	0.460220544577619	72
-0.113822491907369	-1.95266054148325	286
0.00428205780525301	-2.08359669546038	286
-0.076038109732251	-0.106399516984503	286
0.014153916977522	-2.17422703224222	286
-0.046653009802647	-1.60617064417995	286
-0.035621710005854	-1.24818305349083	286
-0.12193577886642	0.788299520488261	286
-0.098938380074022	-1.71161058011512	286
-0.105500478561874	0.795778459027971	286
-0.124821058819911	-0.079660129758885	286
-0.04993768473074	-1.97170619270224	286
-0.072784753189522	-1.88856200739311	286
-0.076520085872259	-2.31485346778381	286
-0.092982062031885	-2.13466434162795	286
-0.094703997797535	-1.71175471072074	286
-0.097891300248321	-0.981718409167666	286
-0.055909955176512	-2.15737065692325	286
-0.002750508761936	-2.23605961323726	286
-0.110430536270854	-1.045821097054	286
-0.018263739306918	-2.43537117847087	286
-0.073295787604865	-1.95427249595413	286
-0.109273986738447	-1.38596007169527	286
-0.111965718167811	-1.97058086681545	286
-0.10770262963123	-1.33081469247124	72
-0.075884790591136	-2.31083422623583	72
-0.087601885102286	-2.09678507983972	72
-0.089832378504605	-2.49820216804944	72
-0.010363054424653	-2.44414576706196	72
-0.024993712017908	-2.26277058464576	72
-0.122780174565377	-1.27846648072417	72
-0.121610382059856	-2.10621365532393	72
-0.095105928545592	-1.46346030253186	72
-0.066331021735023	-1.11804267152967	72
-0.106908631401344	-0.235371440869609	72
-0.048975469972688	-1.52976972449568	72
-0.106770604869447	-1.7212011120715	72
-0.10690230062774	-0.526000070220551	72
-0.089687210676882	-1.90341456571862	72
-0.042824340510938	-2.04222943541596	72
-0.100326349911582	-0.432423257802466	72
-0.123361012549547	-1.59065254852689	72
-0.123977725851798	-0.748239901690416	72
-0.042507891019071	-1.72598586449612	72
-0.111254230699018	-2.46525250498857	72
-0.078376228176037	-2.48675429532551	72
-0.069308104779796	-2.27450268085015	72
-0.045863284325773	-2.35216034015613	72
-0.097025051454896	-1.94801616829538	72
-0.050842459537326	-2.08475556026953	72
-0.086548936163613	-1.93050156142053	72
-0.070860083629103	-2.49755727224043	72
-0.07028196488378	-2.38547145356976	72
-0.091521441395547	-2.07656411486137	72
-0.098881155202343	-2.36731342781329	72
-0.121310116715383	-1.36187902939492	72
-0.102014867126576	-1.9800816691328	72
-0.00892269435426102	-2.19611458097278	72
-0.028626471148295	-2.46619339423868	72
-0.058974970828011	-2.27271681672238	72
-0.117514732363328	-1.28721131593279	72
-0.087088288777019	-1.59562473320827	72
-0.012561248115676	-2.21053360049648	72
-0.116955771565938	-1.09302432071669	914
-0.092614298081812	-1.03522459077216	914
-0.07584162596608	-2.40795564553614	914
-0.067238806579887	-1.58527623402597	914
-0.109895889647863	-0.0410955072229635	375
-0.120740545136899	0.117468837802571	375
-0.0354491760067	-2.46366633153486	375
-0.032895272406902	-1.76602965113534	375
-0.044070500386147	-1.44128462962099	375
-0.06475430425667	-2.11105833637757	375
-0.06989179546949	-1.15971609873443	375
-0.070856819516731	-2.43667148489848	375
-0.00728040942656899	-2.30211362009284	375
-0.076216404245156	-1.89315733067113	375
-0.1007145585497	-1.9999395274941	375
-0.038166511429596	-2.20210501306744	375
-0.078143307588563	-2.08053781123242	265
-0.044018883902909	-0.874142162776782	265
-0.096576893261084	0.351117134465317	265
-0.112273823009745	0.759990395006338	265
-0.030079458256126	-1.97971635095629	984
-0.063207039268117	-0.777368773692683	984
-0.077431321265614	-1.72284633596006	984
-0.07305392078588	-1.91066604677211	265
-0.057227957235035	-2.10247449879476	265
-0.11929285937937	-1.37420244601085	265
-0.09970917562049	-0.243468697774	265
-0.104124135474242	-1.31489739591212	265
-0.065131410141766	-2.3978511742562	265
-0.076674894170702	-1.57201179469954	265
-0.1178919734318	-0.0909124383331639	265
-0.122989105775398	0.228812503269492	265
-0.064025663677509	-2.33031623261046	265
-0.07052356776196	-1.63397995334354	265
-0.081189009827964	-1.09105614848519	265
-0.120531171400777	-0.863524616142538	265
-0.103622250691192	-2.17234150433627	265
-0.065289856254663	-2.49565560967275	265
-0.079971590017451	-2.02207379948341	265
-0.075055325235214	-1.64288560740335	265
-0.087484934038148	-0.98909609049811	279
-0.012357256337924	-2.3228539045252	169
-0.115065963026175	0.101769439738869	169
-0.092743402111528	-1.17071569877136	169
-0.029016632074789	-2.10422441343967	169
-0.039200852868205	-2.15686203654731	169
-0.117876559483613	-0.703278053647043	244
-0.112739063032094	-2.49329686049106	2687
-0.107910475420443	-0.485572381366102	2687
-0.093996071498147	-2.23230432235752	2687
-0.121109265402409	-1.62647207927881	418
-0.098219568129639	-2.29560813606811	418
-0.090601454925399	-2.29735288822034	418
-0.095202194380156	-2.15176278105212	418
-0.093729853955226	-1.89883917905324	1377
-0.086434062351178	-2.05892130865039	1377
-0.097322537033935	-0.514279338570026	1377
-0.079303792260568	-2.37765055642775	1377
-0.085668382226559	-1.08825753264205	1377
-0.092470217974529	-1.00934137113288	1377
-0.121928371618925	-0.865795883799642	1377
-0.019600758252757	-1.95840340654035	1377
-0.10017604005423	-2.10014375974393	1377
-0.076552949034658	-2.32478148753995	1377
-0.119608395253134	-2.04368563806492	1377
-0.043505617999113	-1.96952160644539	1377
-0.109862682494388	-1.90743800226567	1377
-0.054472788616124	-2.12002258394411	1377
-0.040154895659886	-2.20973282201875	1377
-0.076965071240868	-1.8441452205427	1339
-0.12224104387835	-1.32055127726727	437
-0.047796445543417	-2.34391748098984	437
-0.089054706863405	-0.591273784055808	437
-0.106479271005025	0.443409671557045	437
-0.091275479671518	-2.49246197524446	437
-0.117498473727947	-2.00127273948926	437
-0.020075843589571	-1.95715085015864	437
-0.020220863515008	-1.73673166637383	437
-0.05452062099157	-2.38312332412043	437
-0.063482190214295	-1.17696471159563	437
-0.090142207370305	-2.40712929059922	437
-0.065208328223895	-0.873442913023099	437
-0.077626822646361	-1.74439239005544	437
-0.092328667355925	-2.39719645784157	437
-0.123845268880609	-0.513967126537032	437
-0.039547611383429	-2.40401224295325	437
-0.04283359586231	-2.45547028350675	437
-0.112644174865612	-2.07663940063411	437
-0.118412785836629	-0.675387075051188	437
-0.0806231697861	-2.08168536916234	437
-0.018690526436527	-1.62524868345683	437
-0.108676088450858	-0.512111566040007	437
-0.09627624858214	-1.43547774049848	437
-0.09193333068129	-1.93626898678023	437
-0.112537939318243	-2.43512664355276	437
-0.123528150481085	-0.999806825351357	437
-0.081364108053376	-2.00388288813969	437
-0.016736339465583	-2.17535328419765	437
-0.106868826457282	-0.564451146706372	437
-0.122358243208458	-1.07872235161397	437
-0.075097296426899	-2.25502950747226	437
-0.106315096246571	-2.15370864611137	294
-0.122248985407154	-0.00707939647807088	294
-0.012103746924007	-1.76830277193218	294
-0.123867137979355	0.994537918846921	294
-0.112978820520892	0.199217223765688	294
-0.122959490969533	0.098314359864812	294
-0.027796447317192	-1.72691417210887	294
-0.056341765649103	-1.24385072557908	294
-0.063343899929917	-0.891692031391218	294
-0.095134203195219	-1.82894962090607	294
-0.106077117905413	-0.743121851378453	294
-0.119194517319387	-2.48997617500957	55
-0.093716355029575	-1.48181753467207	55
-0.029889827817689	-2.10029331901308	55
-0.000858737323971015	-2.46892400494287	55
-0.115254277673466	0.148528409102401	55
-0.112108430779651	-1.10362560214461	2315
-0.088727858462234	-0.373793734291297	2315
-0.081231029449317	-2.30746335138871	2315
-0.08703591272931	-1.46074900222472	618
-0.117867544922764	-1.63554980300634	2315
-0.083183308812313	-2.05408999575004	2315
-0.100701856703217	-0.943574840475599	2315
-0.053448106562054	-1.79698342589973	2315
-0.115016267197747	-1.60238846425879	2315
-0.099248429231734	-0.609027461616956	55
-0.046952043847972	-2.35989462772604	55
-0.08008514454736	-1.07229120080835	55
-0.073863933819251	-2.31140880943793	55
-0.119404236972354	-2.16527447803416	55
-0.109488637296931	-2.23933949022432	55
-0.059745984129945	-1.75479466441639	1871
-0.04263627853729	-2.13625305338346	55
-0.106453025557547	-2.43439597245671	55
-0.041409315380897	-2.10618074436321	55
-0.080829360771151	-1.97601157759882	55
-0.078319590695881	-2.3705630792077	55
-0.085019667882732	-2.28827856635147	55
-0.108960551987601	-2.42660059876127	1080
-0.038113614286981	-1.65779280564828	1080
-0.094083900354792	-1.51949753975704	1080
-0.11508644747031	-1.89133092258772	1080
-0.056144739136756	-1.81508943655073	1080
-0.071386928189404	-1.14300108043592	55
-0.098173554851908	-0.230291605822123	55
-0.123722077625881	0.626244537204663	55
-0.109748186417058	-0.61869287114363	55
-0.108389441793732	-0.133282471445479	55
-0.085328794182326	-0.936528205584557	55
-0.076864292164667	-1.71694857513522	55
-0.110960732013669	-1.6227484141216	55
-0.112356138652997	-2.19539344071094	55
-0.11108376267903	-2.31414488859526	55
-0.10475436716785	-2.21292417249702	55
-0.034013215773311	-2.29867809892173	55
-0.102408928917265	-2.1182277810561	55
-0.045193501327945	-1.7962566278893	55
-0.086764743425413	-0.74757485354809	55
-0.117995388561849	-2.23486628756609	55
-0.00950572518141302	-2.14987388776981	55
-0.111051002741548	-1.82265558260689	55
-0.106934912740828	-1.77319593887057	55
-0.0797494988006	-2.18766619873538	55
-0.049875780601185	-2.2383932253919	55
-0.099689317096349	-0.430480786576268	55
-0.108242039077892	-0.828777557060215	55
-0.075065169872391	-1.35828565839726	55
-0.10403590512778	-0.878465622273522	55
-0.044848386331052	-1.93584184606418	55
-0.112166384069129	-2.32609244949799	55
-0.052952006014136	-2.36961617680786	55
-0.102296364426704	-1.79313293420975	55
-0.076950669163998	-0.935506212123974	55
-0.013891217673161	-2.11533993340599	55
-0.0538757051667	-2.31246281386843	55
-0.122057762704551	-2.01695491889682	55
-0.028801490982432	-1.21440848711158	55
-0.118844699372723	0.791783241345628	55
-0.083624441304543	0.0000916494042693117	55
-0.070502345474901	-0.869578010430553	55
-0.101266338776944	-0.0165304742605858	55
-0.079091509424825	-0.397807308082482	55
-0.064651993393043	-0.457414315014508	55
0.00895940836843601	-2.20635216645927	55
-0.119935841506078	0.601470379791888	55
-0.034817278116493	-1.33990588338763	55
-0.078826359880703	-1.70252339161058	55
-0.1061546822136	-0.00187593621554605	55
-0.121263376764004	-2.12589426206676	55
-0.081707570750228	-0.54691412466504	55
-0.116282294956965	-1.82017545179032	55
-0.1128884449936	-2.44251379139935	55
-0.116778876673654	-1.5091638133958	55
-0.083830714938771	-0.225633922964346	55
-0.035684457570406	-1.84583968511103	55
-0.091140597589623	-2.30319213815582	55
-0.060569248517931	-2.45841409138409	55
-0.113131747167213	-2.39536434754057	55
-0.119012031299579	1.03928666655092	55
-0.06219919368825	-0.913319168107058	55
-0.060732440165016	-1.98203694582149	55
-0.117187597659772	-2.34493814065183	55
-0.085778270473103	-2.44795417804978	55
-0.091192315129312	-2.49077943431811	55
-0.116789417481237	0.674958472979677	55
-0.075780452355498	-0.242483530074858	55
-0.095774038022672	-1.78572789824449	55
-0.104650652544198	0.380986660356531	55
-0.123290073367163	1.20553420696643	55
-0.108110548186114	0.728885194351788	55
-0.118280279873817	-0.462501311650756	790
-0.116468755455035	-2.29675702143418	790
-0.124814426721362	-1.31819555839742	790
-0.12075240399373	-2.00758226571567	790
-0.089022630492372	-0.958209418814874	790
-0.0682803349258	-2.43993059716726	790
-0.054589682022709	-2.37584823078684	790
-0.070065570978981	-2.41530842878649	790
-0.084364759352669	-2.4900058566126	790
-0.114971950690609	-1.15933026680622	790
-0.120297706169197	-2.24227828072065	790
-0.025368392006987	-2.43788533546395	790
-0.085728308300394	-2.39488222202851	790
-0.092596786029611	-2.38070575783123	790
-0.100115107083005	-2.3147607982406	790
-0.116487079450017	-2.06990675803271	790
-0.122409028397579	-2.33104232241465	790
-0.108955486216055	-2.24746561519075	790
-0.10689029783561	0.58750911341413	790
-0.074041734498192	-2.48857058896592	790
-0.111764918705898	-2.06229934177283	790
-0.107420556576806	-2.03557077951657	790
-0.074347848466573	-2.38047325675776	790
-0.012463645224644	-2.21080200157197	790
-0.104256762936943	-1.68224853973001	790
-0.083801131655287	-0.565520760211776	790
-0.114131271937635	-0.520641485658305	790
-0.017045360639857	-2.44855087850902	790
-0.026548147359892	-2.21067291598147	790
-0.057769052334961	-1.93837159179132	790
0.000934034922280003	-2.20538717389046	790
-0.115500130795936	-1.71586349424557	790
-0.055214448500957	-2.22141786256776	790
-0.107371448462483	-1.11722806643355	2906
