x	y	showSelected1
3.76305344029961	2.8073549220576	1
3.56995881809659	2.32192809488736	2
4.5159003242752	4.70043971814109	3
3.50406288267869	2.32192809488736	4
4.1092747382303	3.4594316186373	5
3.62034429975449	2.8073549220576	6
3.81331405894584	3	7
2.22010808804006	1	8
2.54654266347813	1.58496250072116	9
4.43926951912917	4.8073549220576	10
4.18650429849314	3.8073549220576	11
3.21272015441784	1	12
4.24580867678749	4.08746284125034	13
3.90810954039255	3.16992500144231	14
3.96104121695331	3.16992500144231	15
3.64187054547631	2.8073549220576	16
3.9821807455964	3	17
4.07327833563584	3.70043971814109	18
3.23019337886905	1.58496250072116	19
3.64767631324087	2.8073549220576	20
3.48529543872609	2.32192809488736	21
4.09377178149873	3.32192809488736	22
3.54863505981475	2.32192809488736	23
3.65485009056139	2.58496250072116	24
3.78368923634732	3	25
1.99563519459755	0	26
3.42602301568988	2	27
4.04914046315897	3.4594316186373	28
4.67426391969223	5.04439411935845	29
3.59217675739587	2.32192809488736	30
4.18255730130491	3.70043971814109	31
4.11614265385379	3.70043971814109	32
3.27415784926368	2	33
3.47798897625089	2	34
3.14113609012074	2	35
3.47217114669236	2.32192809488736	36
3.69740372320049	2.32192809488736	37
3.81271286676537	3.16992500144231	38
3.75104803482019	3	39
3.03582982525283	1.58496250072116	40
4.04174787172327	3.70043971814109	41
3.38003024796783	2	42
3.8285310066451	3	43
4.20112389720738	3.8073549220576	44
4.06310808299862	3.90689059560852	45
3.40773072802634	2.58496250072116	46
3.57356777303922	2	47
2.96614173273903	1.58496250072116	48
4.17690118639135	3.4594316186373	49
3.91761052574987	3	50
3.73719264270474	3	51
3.82516637225655	3	52
4.08979917303616	3.70043971814109	53
3.2771506139638	3.16992500144231	54
4.11330814991839	3.4594316186373	55
3.39304846641678	2.32192809488736	56
3.40840957846843	2.32192809488736	57
2.74350976472843	0	58
2.73319726510657	1	59
3.96623562409858	3	60
2.66086547800387	1.58496250072116	61
3.84285876244529	3	62
3.38183679999834	2.32192809488736	63
3.41962536088774	2	64
3.4323277922616	2	65
2.42488163663107	1	66
3.63022441075243	2.32192809488736	67
3.62746827245971	2.32192809488736	68
4.17353589500991	3.8073549220576	69
2.74036268949424	1	70
3.34635297445064	2.32192809488736	71
4.1561249468226	3.70043971814109	72
3.95775091087728	3.4594316186373	73
3.43104194533589	1.58496250072116	74
3.54419211076503	2	75
4.1133750570949	3.70043971814109	76
3.62726341656822	3	77
3.58160836603206	2.58496250072116	78
4.18201498615074	3.32192809488736	79
3.28284860283465	2	80
3.74593315845944	2.32192809488736	81
3.11159852488039	2	82
4.44624194532541	4.39231742277876	83
3.96165834863772	3	84
4.43086484328146	4.24792751344359	85
3.48344464809854	1.58496250072116	86
4.0732049564886	3.4594316186373	87
3.78575679996264	2.58496250072116	88
3.2496874278053	1.58496250072116	89
4.20128785410176	3.8073549220576	90
3.39216914948974	2	91
3.41463914673701	2	92
3.90053098245276	3.32192809488736	93
2.38381536598043	0	94
3.62459145912685	2.32192809488736	95
1.96848294855394	0	96
3.43901672838751	2	97
2.61172330800734	2	98
3.73439974252057	3	99
4.01216206797082	3.16992500144231	100
3.61044722144212	2.32192809488736	101
3.13353890837022	2	102
2.90955602924118	1	103
3.3923451553612	1.58496250072116	104
3.49526674438781	2.32192809488736	105
4.00877044993775	3.32192809488736	106
3.58012632541158	2	107
3.58058287681437	2.58496250072116	108
2.53529412004277	1	109
3.24748226067705	2	110
3.71816940539131	2.58496250072116	111
3.02857125269254	2	112
4.06156556188484	3	113
3.7346398389877	3.16992500144231	114
3.11461098423217	1	115
4.18689985656789	3.70043971814109	116
3.52035250408332	2	117
2.68484536164441	0	118
3.27646180417324	2	119
2.81756536955978	2	120
3.03261876085072	2	121
3.37785241900675	1.58496250072116	122
3.26974637313077	2	123
3.05115252244738	1	124
3.52556305827007	2.32192809488736	125
3.74452767347257	2.8073549220576	126
3.3747483460101	2.32192809488736	127
3.82885315967664	3.16992500144231	128
4.7430940855805	5.35755200461808	129
2.82865989653532	1.58496250072116	130
3.70286117057293	2.58496250072116	131
2.70243053644553	1	132
3.38987455839099	2.32192809488736	133
3.89735213434431	2.8073549220576	134
3.44232295574557	2.32192809488736	135
3.39269695325967	2.58496250072116	136
3.74248946458178	2.8073549220576	137
3.94792361983173	3	138
3.48201557645071	2	139
3.42878251149695	2	140
3.24254142829838	1.58496250072116	141
2.75891189239797	1	142
3.42716140292597	2.32192809488736	143
3.61531865661148	2.58496250072116	144
3.7227161674885	2.58496250072116	145
3.64904263408618	2.8073549220576	146
3.96806246007645	3.16992500144231	147
3.18041263283832	2	148
3.2437819160938	2	149
3.41279642871654	2	150
4.01895002150097	3.32192809488736	151
3.23954972084047	2	152
3.11226976841727	1.58496250072116	153
3.78823909738217	2.8073549220576	154
3.6698745024898	2.32192809488736	155
3.38327665040765	2	156
4.17917822920979	3.90689059560852	157
3.76514679010803	3	158
3.09656243837414	2	159
4.40255368035325	4.39231742277876	160
3.57680189582891	2	161
3.61310151696691	2.32192809488736	162
3.94200805302231	3	163
3.80875097234959	3.16992500144231	164
3.77611979905299	3	165
3.03662889536216	2	166
3.17897694729317	1.58496250072116	167
3.14457420760962	2	168
2.90794852161227	0	169
2.92992956008459	1.58496250072116	170
2.97220283837906	1.58496250072116	171
2.75204844781944	0	172
3.2817149700273	2	173
1.38021124171161	0	174
4.19459758524251	3.70043971814109	175
3.71365851620836	2.8073549220576	176
2.568201724067	1	177
2.76117581315573	1	178
2.60314437262018	2	179
3.20330491613848	1.58496250072116	180
4.03362477121926	3.4594316186373	181
2.8561244442423	1.58496250072116	182
3.02571538390134	1	183
3.40466270087372	2	184
3.82190637735232	3.32192809488736	185
2.72835378202123	1.58496250072116	186
2.20411998265593	1	187
3.84695532501982	3	188
3.95727197999294	3.16992500144231	189
3.28645646974698	2	190
3.8318697742805	3	191
3.71104760386703	2.32192809488736	192
3.61510798744319	2.32192809488736	193
3.67172808823956	2.32192809488736	194
3.97799780995874	3.32192809488736	195
3.32014628611105	1.58496250072116	196
3.22530928172586	1.58496250072116	197
3.57170883180869	2	198
3.8319976772359	3.16992500144231	199
2.78390357927274	1.58496250072116	200
4.02209829746114	3.16992500144231	201
2.90687353472207	2	202
2.93399316383124	2	203
3.16375752398196	2	204
3.25188145455253	2	205
2.7419390777292	1	206
3.82013575187043	3.16992500144231	207
3.3174364965351	2.32192809488736	208
3.64962688684053	2.58496250072116	209
3.15685190107001	1.58496250072116	210
3.41830129131975	1.58496250072116	211
3.46849502450707	2	212
3.43039759138697	2.58496250072116	213
3.76819396163307	2.8073549220576	214
3.07224989761352	1	215
3.65542658774592	2.58496250072116	216
2.81557774832427	1	217
2.87737134586977	1	218
3.63042787502502	2.58496250072116	219
2.61804809671209	1.58496250072116	220
3.90395770852317	3.4594316186373	221
3.38489079653055	2.32192809488736	222
3.96383503070215	3.16992500144231	223
3.65436909097529	2.58496250072116	224
3.81130684008134	3	225
3.59955559098598	2.32192809488736	226
3.2405492482826	1.58496250072116	227
3.36698297597785	2.32192809488736	228
2.70586371228392	1	229
3.44575983648863	2	230
3.46568021159828	2.58496250072116	231
3.27508089845686	2	232
3.001733712809	1.58496250072116	233
3.62736585659273	2.58496250072116	234
3.88536122003151	2.8073549220576	235
3.15228834438306	1	236
3.38291713508753	2.32192809488736	237
3.76200296937512	2.8073549220576	238
3.99051644402823	3.32192809488736	239
3.4320066872696	2	240
3.5946135091601	2	241
3.05842602445701	1.58496250072116	242
3.32489949705231	2	243
2.38560627359831	1	244
3.57437856441308	2.8073549220576	245
3.31196566036837	2	246
4.04249675743374	3.4594316186373	247
2.48144262850231	1	248
2.54777470538782	0	249
3.17143390094301	0	250
2.14921911265538	1	251
4.04754743307864	3.16992500144231	252
3.68466586402586	3	253
3.74849812661374	2.58496250072116	254
3.88778603483837	2.8073549220576	255
3.34143452457814	1.58496250072116	256
3.62726341656822	2.58496250072116	257
3.3055663135153	2	258
3.83866022598894	3.16992500144231	259
3.35774432518038	1.58496250072116	260
4.14435622736818	4	261
3.4020893505721	2.58496250072116	262
3.06370855939142	0	263
3.44700289846616	1.58496250072116	264
4.09933527768596	3.4594316186373	265
3.09516935143176	1	266
2.99519629159718	1	267
2.26481782300954	0	268
3.7160033436348	2.8073549220576	269
3.35888620440587	2	270
3.60422605308447	2.32192809488736	271
4.00556657113329	3.32192809488736	272
3.57019256109573	2.58496250072116	273
3.33203427702752	2	274
2.56110138364906	1	275
3.73287604136271	2.8073549220576	276
3.62044838471171	2.58496250072116	277
3.24919835739111	1	278
4.21266692879342	3.90689059560852	279
3.95090008936639	2.8073549220576	280
3.25527250510331	2	281
3.23248786635299	2	282
3.37401474029191	2	283
2.38381536598043	0	284
3.50133317864557	2.32192809488736	285
2.99563519459755	1	286
3.36492603378998	2	287
2.5910646070265	1	288
3.64404449281475	2.32192809488736	289
3.30276370847298	2	290
4.12260902357599	3.4594316186373	291
3.04766419460156	1	292
3.29114676173189	2	293
3.05307844348342	1.58496250072116	294
3.95158034490339	3.4594316186373	295
3.78118072093726	2.58496250072116	296
3.18667386749975	1.58496250072116	297
3.95225953659082	3.58496250072116	298
3.5798978696031	2.58496250072116	299
2.74741180788642	1	300
3.03941411917614	1.58496250072116	301
4.13395384451796	2.8073549220576	302
3.70079022137435	2.58496250072116	303
3.8182918908	2.8073549220576	304
3.75258617874041	3	305
2.93801909747621	1	306
3.19451434188247	2	307
3.30984300471607	1.58496250072116	308
2.64246452024212	2	309
3.41630758705988	2	310
3.89828627858912	3.4594316186373	311
3.36865871239223	2	312
3.77894672796862	3	313
3.7444494574468	2.32192809488736	314
3.55738688205951	2	315
3.20978301484852	2.32192809488736	316
3.30813737863804	2.32192809488736	317
2.53529412004277	0	318
3.44498111208794	1.58496250072116	319
3.10071508657308	1.58496250072116	320
3.21058602490516	1	321
3.34399906905716	2	322
2.26007138798507	1	323
3.33264041038746	2	324
3.8121108412031	2.8073549220576	325
3.66642437251876	2.58496250072116	326
3.94433459197078	3	327
4.13264385097308	3.58496250072116	328
3.44684771015581	2	329
1.568201724067	0	330
4.47433283755217	4.52356195605701	331
3.2087100199064	1.58496250072116	332
3.07518185461869	1	333
3.53542071805617	2	334
3.44106640663926	2	335
3.10311925354571	0	336
3.63296316816726	2	337
3.02530586526477	1	338
2.57634135020579	0	339
3.17695898058691	1.58496250072116	340
3.45757914699576	2	341
3.13576851456782	2	342
3.19089171692217	2	343
3.63124078023551	2.58496250072116	344
3.0733517023869	1.58496250072116	345
1.92427928606188	0	346
2.57170883180869	0	347
3.61458086699749	2.32192809488736	348
4.18819701655876	3.90689059560852	349
4.08628862902168	3.58496250072116	350
2.45331834004704	2	351
3.4605971888976	2.32192809488736	352
3.42797271360821	2	353
3.79608842868067	2.58496250072116	354
1.66275783168157	0	355
1.7481880270062	0	356
2.38381536598043	0	357
3.86622824737965	2.8073549220576	358
3.4379090355395	2	359
2.98900461569854	1	360
2.45178643552429	0	361
3.13672056715641	1	362
3.43120288455652	2.58496250072116	363
3.65628990119136	3	364
3.67879143436624	2.8073549220576	365
3.51890857369141	3	366
3.94924359056827	3.32192809488736	367
3.36958689073634	2	368
3.64236558084497	2.58496250072116	369
3.32715451240943	2.58496250072116	370
3.39915433395822	2	371
3.72981250716094	2.8073549220576	372
2.2380461031288	0	373
2.47421626407626	2	374
2.41995574848976	0	375
3.65001595247184	2.58496250072116	376
3.07845681805329	1	377
3.1156105116743	2	378
3.56667313760612	3.16992500144231	379
2.74896286125616	1	380
2.76342799356294	1	381
3.48529543872609	2.32192809488736	382
3.01870049866624	2	383
2.67486114073781	1	384
3.93515444721617	3	385
3.91301868374796	2.8073549220576	386
2.91855453055027	1	387
3.14519640611418	2	388
3.18383903705642	2	389
3.07845681805329	2	390
3.02816441942447	1	391
3.47275644931721	1.58496250072116	392
3.91692746611299	3.4594316186373	393
3.87028682899259	3.4594316186373	394
3.01452053875792	2	395
3.30059548388996	2	396
2.77524625974024	1	397
3.3807537708039	2	398
2.9670797341445	2	399
3.36735592102602	2.32192809488736	400
2.61909333062674	1	401
3.89231726072248	3	402
2.93651374247889	2	403
2.6730209071289	1	404
3.38987455839099	2	405
2.89762709129044	1.58496250072116	406
3.18241465243455	2	407
3.6900187807887	2.32192809488736	408
3.78561452494682	3.32192809488736	409
3.92246594529841	3.32192809488736	410
3.71541832259506	3	411
2.94939000664491	1.58496250072116	412
4.37757942089494	4.24792751344359	413
2.65609820201283	1	414
2.59549622182557	1	415
3.39392600658584	2	416
3.42699895875654	2.8073549220576	417
3.25478968739721	1	418
3.56264967221192	2	419
3.08671566394488	2	420
3.76760106805034	3	421
3.65628990119136	2.32192809488736	422
3.15715443990628	1	423
3.57135939275384	2.58496250072116	424
3.78283080520259	2.8073549220576	425
3.95385629822499	3.16992500144231	426
3.44901531634779	1.58496250072116	427
3.72737856945149	3.16992500144231	428
3.36153897126928	2	429
3.04610478724604	1.58496250072116	430
2.95712819767681	2	431
3.36040405472994	2	432
3.51468054412498	2.32192809488736	433
3.04060234011407	1.58496250072116	434
2.58883172559421	2	435
3.78845120702346	3.16992500144231	436
3.45697301363582	1.58496250072116	437
1.43136376415899	0	438
1.41497334797082	0	439
3.51481329499929	2	440
2.6414741105041	0	441
2.78175537465247	2	442
3.46864266839151	2.32192809488736	443
4.18369680863468	3.16992500144231	444
3.27737997466725	1.58496250072116	445
3.18241465243455	1.58496250072116	446
3.43743344379797	2.32192809488736	447
3.62273196516472	2.8073549220576	448
3.5963771439976	2	449
3.40053798939195	2	450
3.67219025118825	3.16992500144231	451
3.52126887559839	3	452
3.49345805099519	2.32192809488736	453
2.75891189239797	2	454
3.33344727449675	1.58496250072116	455
2.72098574415374	0	456
3.18667386749975	1.58496250072116	457
3.16435285578444	1	458
3.75019972782918	2.58496250072116	459
2.63848925695464	1	460
3.38738982633873	1.58496250072116	461
3.61087300038005	2.58496250072116	462
3.33142729652074	1.58496250072116	463
2.12057393120585	1	464
2.94299959336604	1	465
3.12483014941386	2	466
3.74499667403856	2.32192809488736	467
2.74585519517373	1	468
3.27806733088866	1	469
3.36828688490213	2	470
3.08955188288645	1.58496250072116	471
3.00603795499732	0	472
3.45117215751254	2	473
3.40122816749811	2	474
2.48287358360875	2	475
3.06520612805431	1	476
2.9912260756925	1	477
3.72222246396973	3.16992500144231	478
2.52762990087134	1.58496250072116	479
3.8079407212155	3.16992500144231	480
4.09078692794927	3.70043971814109	481
3.92137429541847	3.16992500144231	482
3.60108172778402	2	483
3.2464985807958	1.58496250072116	484
3.63477945814595	2	485
4.08062648692181	3.32192809488736	486
3.42813479402879	2	487
3.36586221540256	1.58496250072116	488
2.97081161087252	1.58496250072116	489
3.68376726142531	2.58496250072116	490
3.43854234878611	2.32192809488736	491
2.83632411570675	2	492
3.63598611180083	2.8073549220576	493
2.73158876518674	1.58496250072116	494
3.3533390953113	2	495
3.31555053442191	2	496
3.39880773020326	1	497
3.62900161928699	2.32192809488736	498
3.37199091146492	2	499
2.80955971463527	1	500
2.58319877396862	1	501
3.28668096935493	2	502
3.6028193424327	2.32192809488736	503
3.60530504614111	2.58496250072116	504
3.2143138974244	2	505
4.04894650376049	3.58496250072116	506
3.43104194533589	2	507
4.06194229202809	3.32192809488736	508
3.1981069988734	2	509
3.49009900506331	2.58496250072116	510
3.40585839931764	2	511
4.14575562363721	3.70043971814109	512
1.74036268949424	0	513
2.91434315711944	1	514
3.42781057267599	2	515
3.32489949705231	2	516
1.64345267648619	0	517
3.10277661488344	1.58496250072116	518
3.85769425778655	3.32192809488736	519
2.85853719756964	0	520
3.11193427633268	2	521
3.73479982958885	2.58496250072116	522
2.9216864754836	1.58496250072116	523
3.59095323518799	2.32192809488736	524
3.20057692675485	1.58496250072116	525
3.18610837981321	2	526
3.48855071650044	2	527
3.6414741105041	2.8073549220576	528
3.43743344379797	2.32192809488736	529
3.02489596010749	1.58496250072116	530
3.22245633667925	1.58496250072116	531
3.94855966210896	3.16992500144231	532
2.83378437465648	2	533
3.29380435991934	1.58496250072116	534
3.06107532362979	2	535
2.5854607295085	1	536
3.16106838547117	2	537
3.15594301797184	2	538
2.77597433112937	2	539
4.00898320381547	3	540
3.16256440652302	1.58496250072116	541
3.9576072870601	3	542
3.7394141026987	2.8073549220576	543
3.6420686273415	2.8073549220576	544
2.91328390176042	1	545
3.62510657540347	2	546
2.65801139665711	1	547
4.30039981167133	4.24792751344359	548
3.77254173264094	2.58496250072116	549
2.72672720902657	1	550
3.00817418400643	2	551
2.64542226934909	0	552
3.17522180034305	2	553
3.07003786660776	2	554
2.92992956008459	2	555
3.49582175338591	2	556
2.73399928653839	1	557
3.72705301135386	2.58496250072116	558
2.30535136944662	0	559
2.83821922190763	1	560
2.33243845991561	1	561
3.23779499327392	2	562
2.89707700320942	1	563
3.00432137378264	2	564
3.43949059038968	2.32192809488736	565
3.04296907339318	2	566
3.34143452457814	2	567
2.95712819767681	2	568
2.31175386105575	0	569
1.81291335664286	0	570
2.98407703390283	2	571
3.00302947055362	1	572
3.63477945814595	2.58496250072116	573
3.0565237240791	2	574
2.73479982958885	2	575
3.77136697085778	2.8073549220576	576
2.82865989653532	2	577
3.08635983067475	1	578
3.48939592172713	2.32192809488736	579
3.35353155907776	2.32192809488736	580
2.72509452108147	1	581
3.41879829059035	2	582
3.48784512011144	2.58496250072116	583
3.07518185461869	2	584
2.96236933567002	1.58496250072116	585
2.99651167215418	1	586
2.69897000433602	1	587
3.23350376034113	2	588
3.21879799811174	1.58496250072116	589
3.13767053723676	1	590
1.80617997398389	1	591
3.48557947698468	2.32192809488736	592
2.74115159885179	1	593
3.33203427702752	2	594
3.75073975123535	2.8073549220576	595
3.55822842180333	2.58496250072116	596
2.98944981766669	1.58496250072116	597
2.63245729218472	0	598
3.29181268746712	1.58496250072116	599
2.91803033678488	1.58496250072116	600
2.9604707775343	1.58496250072116	601
3.25503116334555	2	602
2.83695673705955	0	603
3.02612451674545	2	604
3.36210531929377	2	605
3.04414762087872	2	606
3.02118929906994	1	607
2.9484129657786	1.58496250072116	608
2.89431606268444	1	609
2.6730209071289	1	610
3.86415495600203	3	611
2.29885307640971	1	612
2.40993312333129	0	613
3.68403703748652	3.32192809488736	614
3.23248786635299	1.58496250072116	615
3.90649665979935	3.32192809488736	616
3.26834391395107	2.32192809488736	617
1.85125834871908	1	618
2.96661098668193	1	619
3.08242630086077	1	620
4.20771513380557	3.90689059560852	621
3.48387245422267	2.8073549220576	622
2.56466606425209	1.58496250072116	623
3.48358729696889	2	624
3.08564728829686	1	625
2.97863694838447	0	626
3.13129779659762	2	627
3.26481782300954	2	628
3.43568513794163	2.32192809488736	629
3.0733517023869	1	630
3.29841638006129	1.58496250072116	631
3.38129562300383	2.32192809488736	632
2.64246452024212	1.58496250072116	633
3.05384642685225	1.58496250072116	634
2.74036268949424	1.58496250072116	635
2.78175537465247	1.58496250072116	636
3.11126251365907	0	637
2.58092497567562	0	638
2.90687353472207	1	639
3.76049787522653	2.58496250072116	640
2.80617997398389	0	641
2.96520170102591	1	642
3.45024910831936	2.32192809488736	643
3.0111473607758	1	644
2.67117284271508	0	645
1.85733249643127	1	646
3.09898963940118	1.58496250072116	647
2.37839790094814	0	648
3.29380435991934	2	649
3.38898878512471	2	650
3.00130093302042	1.58496250072116	651
3.20924684875337	1	652
3.0696680969116	2	653
4.27253777737524	4.16992500144231	654
3.75663610824585	2.58496250072116	655
3.90308998699194	3.32192809488736	656
2.62838893005031	2	657
3.92860065984452	3.32192809488736	658
2.9804578922761	1.58496250072116	659
3.11092624226642	1.58496250072116	660
2.93951925261862	1.58496250072116	661
2.78675142214556	1.58496250072116	662
2.52762990087134	1	663
3.51481329499929	2	664
2.7427251313047	0	665
3.00860017176192	2	666
2.55388302664387	1	667
3.60140806053468	2	668
2.98452731334379	2	669
1.30102999566398	0	670
3.10516942799933	2	671
3.11991541025799	2	672
2.61489721603313	1	673
3.34635297445064	2	674
2.48572142648158	0	675
2.26007138798507	0	676
3.23678909940929	1.58496250072116	677
2.98677173426625	1	678
3.06929801211553	1	679
4.04793651613808	3.16992500144231	680
3.2674064187529	1.58496250072116	681
3.16820274684263	1	682
3.14332712999205	2	683
2.86923171973098	2	684
2.96520170102591	1	685
3.08421868673924	1.58496250072116	686
3.00216606175651	2	687
2.61172330800734	1	688
3.03221570329798	1.58496250072116	689
2.42488163663107	0	690
2.96331551138611	2	691
3.46834733041216	2.32192809488736	692
3.7049222912234	2.32192809488736	693
2.03342375548695	1	694
2.51188336097887	1	695
2.87448181769947	1	696
3.19534605834842	2	697
3.94713951764283	3.16992500144231	698
2.29225607135648	0	699
3.53957788334531	2.32192809488736	700
3.00346053210951	1.58496250072116	701
3.76297849086774	2.8073549220576	702
2.16136800223497	1	703
3.78611228371983	3	704
3.06855689507236	1.58496250072116	705
3.25647720624168	2	706
3.56620171885491	2.58496250072116	707
3.46179855752511	2	708
3.19256745333655	2	709
3.36021461329535	2	710
2.77158748088126	1	711
2.07188200730613	0	712
2.59659709562646	1	713
2.82801506422398	1	714
2.66181268553726	1	715
3.69888313675259	2.8073549220576	716
3.41896383070362	1.58496250072116	717
3.71391035412896	3.16992500144231	718
3.12450422483428	1	719
2.72672720902657	0	720
2.90579588036787	2	721
2.98587535730839	1	722
3.07408468902824	1.58496250072116	723
3.22530928172586	1.58496250072116	724
3.22010808804006	1.58496250072116	725
3.24919835739111	2	726
2.11727129565576	0	727
2.50514997831991	0	728
3.14581771449183	2	729
2.67942789661212	1	730
2.67851837904011	1.58496250072116	731
3.76102525171137	2.58496250072116	732
2.98855895687862	1	733
2.76192783842053	1.58496250072116	734
3.07700432679335	1	735
2.32837960343874	1	736
2.40312052117582	1	737
3.47755533219898	2	738
2.67942789661212	1	739
2.23552844690755	0	740
3.41514035219587	2	741
3.02530586526477	1.58496250072116	742
3.39427652676782	2	743
3.60616631460762	2.32192809488736	744
3.13798673272353	1.58496250072116	745
2.94051648493257	1.58496250072116	746
3.51468054412498	2.32192809488736	747
2.85430604180108	1.58496250072116	748
3.30081279411812	2	749
2.79028516403324	1	750
1.79934054945358	0	751
3.97639583661188	3.32192809488736	752
3.44200915914095	2	753
2.5327543789925	0	754
1.38021124171161	0	755
2.40993312333129	0	756
2.3654879848909	0	757
2.37291200297011	0	758
2.89431606268444	1	759
3.38129562300383	2.8073549220576	760
3.40551710697638	2	761
3.34222522936079	2.58496250072116	762
3.0386201619497	1.58496250072116	763
3.67851837904011	2.58496250072116	764
3.09377178149873	1.58496250072116	765
2.45484486000851	0	766
2.28780172993023	1	767
2.40654018043396	1	768
3.66782637895071	2.58496250072116	769
2.40654018043396	0	770
3.24303804868629	2	771
3.1978316933289	2	772
2.05690485133647	0	773
2.66370092538965	1.58496250072116	774
3.43472854177976	2.32192809488736	775
3.32180548385754	2	776
3.44122367424261	2	777
2.3541084391474	0	778
2.88649072517248	2	779
2.90091306773767	2	780
3.51215053692203	2.58496250072116	781
2.83314711191279	2	782
3.41780372263988	2.32192809488736	783
3.57909732655264	3.16992500144231	784
3.36097188372594	2	785
3.06818586174616	1	786
2.21218760440396	1	787
2.46538285144842	1	788
2.78461729263288	1	789
3.15503222879097	1	790
3.18497519069826	2	791
2.37839790094814	2	792
2.52504480703685	1	793
2.53655844257153	1	794
2.45636603312904	1	795
3.5232260419657	2	796
2.01703333929878	1	797
2.94200805302231	1	798
2.68841982200271	2	799
3.26717172840301	2	800
2.76342799356294	0	801
2.07918124604762	0	802
2.93651374247889	1	803
2.60097289568675	1	804
3.29025726939452	1.58496250072116	805
3.88332067838298	3.4594316186373	806
3.10209052551184	1.58496250072116	807
2.55509444857832	0	808
2.12385164096709	0	809
2.22010808804006	0	810
3.21984638602436	2	811
3.27943878828702	2.32192809488736	812
3.01661554755718	0	813
2.90741136077459	1	814
4.01582063426207	3.16992500144231	815
3.66105508485338	2.8073549220576	816
2.60638136511061	1.58496250072116	817
2.39445168082622	1	818
2.62428209583567	1	819
2.68484536164441	0	820
3.40568778667278	2	821
2.94250410616808	0	822
3.67641923171836	2.8073549220576	823
2.88309335857569	1	824
2.85186960072977	1	825
3.38453261549425	2.58496250072116	826
2.93247376467715	1.58496250072116	827
3.10957854690439	1	828
2.67577834167409	1	829
2.47275644931721	1.58496250072116	830
2.46089784275655	0	831
2.80345711564841	1	832
3.1300119496719	2	833
2.77887447200274	2	834
3.27369558793009	2	835
2.07554696139253	1	836
2.69284691927723	0	837
2.91275330367132	1	838
3.00860017176192	1.58496250072116	839
2.85672889038288	1	840
3.32592595577147	2	841
2.02530586526477	1	842
2.85247999363686	1.58496250072116	843
3.46389298898591	2	844
2.64345267648619	0	845
2.43296929087441	0	846
2.22788670461367	0	847
1.99563519459755	0	848
3.20924684875337	1.58496250072116	849
3.20030318298159	2	850
3.17868923977559	2	851
3.52048353274079	2	852
3.84210976344061	3	853
3.04336227802113	1	854
3.47769992833213	2.32192809488736	855
3.00945089579869	1	856
2.34439227368511	2	857
3.01325866528352	2	858
2.16136800223497	0	859
2.57978359661681	0	860
2.33041377334919	0	861
3.15654915133178	1.58496250072116	862
3.123198075032	2	863
2.47275644931721	0	864
2	0	865
2.54530711646582	1	866
1.96848294855394	0	867
2.50650503240487	1	868
3.14674801363064	2	869
2.38381536598043	0	870
3.50528567414413	2.32192809488736	871
3.24004977211265	1	872
3.29907126002741	1.58496250072116	873
2.30102999566398	1	874
3.75289315488459	2.8073549220576	875
3.28352736486169	2	876
2.60314437262018	1	877
3.28397928423848	1	878
3.03140846425162	2	879
3.03502928220237	1.58496250072116	880
3.54678935163126	2	881
2.80617997398389	1	882
2.53019969820308	1	883
2.52504480703685	0	884
3.3023309286844	1.58496250072116	885
3.21138755293686	1.58496250072116	886
3.7718813201901	3	887
2.45939248775923	0	888
3.33304402982349	2	889
2.98407703390283	2	890
2.17609125905568	0	891
3.39058187855044	2	892
2.9304395947667	1	893
2.78103693862113	1.58496250072116	894
2.86332286012046	1.58496250072116	895
3.68196445899468	2.8073549220576	896
2.65801139665711	0	897
3.13481437032046	2	898
3.54629583512144	2.32192809488736	899
2.22271647114758	1	900
3.60140806053468	2.32192809488736	901
3.2169572073611	2	902
2.30102999566398	0	903
3.8213169705911	3	904
3.43168534468601	2	905
2.48713837547719	1.58496250072116	906
2.7419390777292	2	907
3.39462676427221	2	908
2.72672720902657	1	909
1.39794000867204	0	910
3.21058602490516	1.58496250072116	911
2.13353890837022	1	912
2.63648789635337	1	913
2.71683772329952	0	914
3.04336227802113	1	915
2.41329976408125	1	916
2.44870631990508	0	917
3.066698550423	1.58496250072116	918
3.15259407792747	1.58496250072116	919
2.41664050733828	0	920
2.96473092105363	2	921
2.30102999566398	1	922
2.52891670027765	0	923
2.50514997831991	1	924
2.79028516403324	2	925
3.43296929087441	2.58496250072116	926
2.87273882747267	1.58496250072116	927
3.35082927358297	2.32192809488736	928
2.89762709129044	1.58496250072116	929
2.31806333496276	1	930
3.09621458534641	1	931
3.11859536522376	2	932
3.08134730780413	2	933
1.80617997398389	0	934
2.84385542262316	0	935
2.46089784275655	1	936
2.67669360962487	1.58496250072116	937
3.27508089845686	2	938
1.94939000664491	0	939
3.14270224573762	1	940
2.31386722036915	1	941
2.51188336097887	1	942
2.35983548233989	1	943
2.7160033436348	1.58496250072116	944
1.23044892137827	0	945
3.01619735351244	2.32192809488736	946
2.41329976408125	1.58496250072116	947
2.84385542262316	2	948
3.83110156450136	2.8073549220576	949
2.40483371661994	1	950
2.97034687623009	2	951
1.90308998699194	0	952
4.10795577254771	3.58496250072116	953
2.56466606425209	0	954
3.14176323027579	2	955
2.48995847942483	0	956
2.41329976408125	1	957
2.46389298898591	1	958
2.42975228000241	0	959
3.02530586526477	1	960
2.76789761601809	1	961
2.92531209149965	1	962
3.30877777366472	2	963
3.04532297878666	2	964
3.05461305455689	1	965
3.24278980947868	2	966
2.3654879848909	1	967
3.54580175715928	2.58496250072116	968
2.67117284271508	1	969
3.7989267385772	2.58496250072116	970
2.99431715266964	1	971
1	0	972
3.30384377488865	2	973
2.8555191556678	2	974
3.28194193344083	2	975
2.36172783601759	1	976
3.02694162795903	1	977
2.30102999566398	2	978
2.75663610824585	2	979
3.71416204609885	2.8073549220576	980
3.09898963940118	0	981
3.23754373814287	1.58496250072116	982
2.56348108539441	1	983
1.7160033436348	0	984
1.5910646070265	0	985
2.76117581315573	1	986
2.58206336291171	1.58496250072116	987
2.6232492903979	2	988
3.31931430409051	2	989
2.00432137378264	0	990
3.01994668167884	2	991
2.78816837114117	1	992
2.94200805302231	2	993
2.90902085421116	1.58496250072116	994
3.41863268735407	2	995
3.46269740810172	2.32192809488736	996
3.15350998930084	2	997
2.82216807936802	1.58496250072116	998
1.568201724067	0	999
3.1044871113124	2	1000
3.17260293120986	2	1001
3.00560944536028	1.58496250072116	1002
2.34439227368511	1	1003
3.61076659477327	2.32192809488736	1004
3.29336255471145	1.58496250072116	1005
3.26997967664532	2	1006
2.75511226639507	0	1007
2.40993312333129	1.58496250072116	1008
3.0484418035504	2	1009
3.26857797188284	1.58496250072116	1010
2.51321760006794	1	1011
2.79169064902012	1	1012
3.41664050733828	2.32192809488736	1013
2.98632377705077	1.58496250072116	1014
3.53844805171022	2.58496250072116	1015
4.09496000243667	3	1016
2.19865708695442	0	1017
2.09691001300806	1	1018
3.08813608870055	2	1019
2.94890176097021	2	1020
2.65513843481138	0	1021
2.4345689040342	0	1022
2.54282542695918	0	1023
3.47943133719774	2.58496250072116	1024
3.40346370134532	2.32192809488736	1025
3.77553763478096	2.32192809488736	1026
2.71933128698373	1.58496250072116	1027
2.48713837547719	0	1028
2.81557774832427	0	1029
1.93449845124357	1	1030
2.86332286012046	1.58496250072116	1031
3.27044590801796	1.58496250072116	1032
2.27646180417324	0	1033
2.46239799789896	0	1034
2.65321251377534	1.58496250072116	1035
2.34635297445064	1	1036
2.59217675739587	1	1037
2.4456042032736	2	1038
3.53643217582201	2.58496250072116	1039
1.79239168949825	0	1040
2.87909587950007	1.58496250072116	1041
2.62634036737504	0	1042
3.3040594662176	2	1043
3.31680875205302	1.58496250072116	1044
2.72672720902657	1	1045
3.15198239545747	2	1046
3.47712125471966	2.58496250072116	1047
2.53402610605614	1	1048
2.84260923961056	1	1049
2.75739602879302	1	1050
3.11627558758054	1	1051
2.50379068305718	1	1052
2.34044411484012	0	1053
2.11727129565576	1	1054
3.49037992000318	2	1055
3.20951501454263	2	1056
3.16554107672237	1.58496250072116	1057
2.29885307640971	1	1058
2.72263392253381	0	1059
1.86923171973098	0	1060
2.8662873390842	1	1061
2.97081161087252	1	1062
2.16435285578444	1	1063
1.63346845557959	0	1064
1.77085201164214	0	1065
3.34986008219233	2	1066
2.52504480703685	1	1067
3.06069784035361	2	1068
2.72754125702856	2	1069
2.45484486000851	1	1070
2.96567197122011	1.58496250072116	1071
3.36323580448369	2	1072
2.71767050300226	0	1073
2.30749603791321	0	1074
2	2	1075
3.33223641549144	1	1076
3.48258776952677	2.8073549220576	1077
3.10482840365366	2	1078
2.60097289568675	0	1079
1.98227123303957	0	1080
2.48995847942483	2	1081
2.70070371714502	1	1082
2.56229286445647	1	1083
2.10037054511756	0	1084
2.56937390961505	1	1085
3.02325245963371	2	1086
2.79379038469082	1.58496250072116	1087
4.18255730130491	3.70043971814109	1088
2.74115159885179	2	1089
2.71011736511182	1	1090
2.23552844690755	0	1091
2.42813479402879	0	1092
2.10380372095596	0	1093
2.36172783601759	0	1094
1.86923171973098	2	1095
2.58092497567562	0	1096
2.80617997398389	0	1097
2.03742649794062	0	1098
3.22063101944809	2.58496250072116	1099
2.19312459835446	0	1100
2.78746047451842	2	1101
2.99299509843134	2	1102
2.13987908640124	1	1103
2.2148438480477	1	1104
2.83250891270624	1	1105
1.9731278535997	0	1106
2.8234742291703	0	1107
2.9982593384237	2	1108
2.51851393987789	0	1109
2.17026171539496	1	1110
1.65321251377534	1	1111
2.07188200730613	1.58496250072116	1112
3.67043140936061	2.32192809488736	1113
2.04139268515823	0	1114
2.83695673705955	1.58496250072116	1115
2.41161970596323	1	1116
2.43933269383026	1	1117
3.58024050826538	2.58496250072116	1118
2.2380461031288	0	1119
2.91275330367132	1	1120
1.75587485567249	1	1121
2.96661098668193	1	1122
1.93449845124357	0	1123
2.9576072870601	1	1124
2.9698816437465	1	1125
3.182129214053	1.58496250072116	1126
2.58994960132571	0	1127
2.31806333496276	1	1128
2.89872518158949	1.58496250072116	1129
2.89153745767256	0	1130
3.05994188806196	1	1131
3.37162192717602	2.58496250072116	1132
2.70070371714502	1	1133
3.44731310882357	1.58496250072116	1134
2.79098847508882	1	1135
2.62013605497376	0	1136
2.51587384371168	1	1137
1.51851393987789	0	1138
3.02694162795903	1.58496250072116	1139
2.33645973384853	0	1140
2.11058971029925	1	1141
3.21801004298436	2	1142
2.42160392686983	0	1143
2.80685802951882	2	1144
2.99694924849538	1	1145
2.34044411484012	1	1146
3.65137494391304	2.8073549220576	1147
3.1264561134318	2	1148
1.75587485567249	0	1149
2.98000337158375	1.58496250072116	1150
2.51454775266029	1	1151
2.62531245096167	0	1152
3.00216606175651	1	1153
2.97772360528885	1	1154
2.59879050676312	1.58496250072116	1155
3.17143390094301	1	1156
2.93651374247889	1	1157
2.38738982633873	2	1158
1.55630250076729	0	1159
3.09236969962912	2	1160
3.60108172778402	2.58496250072116	1161
2.96236933567002	2	1162
2.98272338766855	2	1163
2.36921585741014	0	1164
2.83695673705955	1	1165
2.50514997831991	0	1166
3.35736303061514	2	1167
3.58905553105234	2	1168
2.22271647114758	1	1169
2.01703333929878	1	1170
2.90741136077459	2	1171
3.3701428470511	2.58496250072116	1172
3.8750612633917	2.8073549220576	1173
3.36847283844036	2	1174
2.73559889969818	1	1175
3.03822263836872	1.58496250072116	1176
2.91275330367132	2	1177
2.9434945159061	2	1178
2.48287358360875	1	1179
3.40705081480425	2.58496250072116	1180
3.08278537031645	1	1181
2.55750720190566	2	1182
2.63346845557959	1	1183
3.17493159352844	1	1184
3.43488812086732	2.58496250072116	1185
2.61066016308988	0	1186
2.96567197122011	1	1187
2.75966784468963	1	1188
2.11394335230684	1	1189
3.32428245529769	2	1190
2.46389298898591	0	1191
3.17983892802319	2	1192
2.59879050676312	0	1193
2.8842287696326	1	1194
3.93731724776249	3	1195
3.63012264285931	2.32192809488736	1196
3.15472820744016	2	1197
3.11260500153457	1	1198
3.17493159352844	1	1199
1.97772360528885	0	1200
2.22271647114758	0	1201
2.53781909507327	1	1202
1.568201724067	0	1203
2.75739602879302	1.58496250072116	1204
2.89542254603941	1.58496250072116	1205
2.72672720902657	0	1206
3.24254142829838	2	1207
3.34498141392726	1	1208
2.71683772329952	0	1209
1.96848294855394	0	1210
3.62055244472944	2.58496250072116	1211
3.43168534468601	2	1212
3.05994188806196	2	1213
2.81557774832427	2	1214
3.1078880251828	1	1215
2.07554696139253	1	1216
3.3533390953113	2.58496250072116	1217
2.71850168886727	1.58496250072116	1218
2.71096311899528	0	1219
3.52270499273475	2	1220
3.24821856119008	2	1221
2.60745502321467	0	1222
3.40823996531185	2	1223
3.20574554094266	2	1224
2.50379068305718	0	1225
2.27875360095283	0	1226
2.97634997900327	1	1227
2.82216807936802	1.58496250072116	1228
2.72263392253381	1.58496250072116	1229
2.70070371714502	2	1230
3.04257551244019	1.58496250072116	1231
2.56937390961505	1	1232
3.16524432612531	1.58496250072116	1233
1.61278385671974	1	1234
2.44715803134222	0	1235
2.85247999363686	1	1236
2.95520653754194	1	1237
1.76342799356294	0	1238
3.223236273103	2	1239
2.82801506422398	2	1240
3.28307497473547	2	1241
1.66275783168157	1	1242
3.73631680790411	2.32192809488736	1243
3.23954972084047	1.58496250072116	1244
2.88024177589548	1	1245
2.03742649794062	0	1246
2.46834733041216	2	1247
1.90848501887865	0	1248
2.59769518592551	0	1249
3.31534047662729	2	1250
3.84676995353722	3.32192809488736	1251
3.1102529173534	2	1252
3.53326351677872	2.32192809488736	1253
2.86864443839483	2	1254
3.35063560825895	2	1255
3.42520805113866	2.32192809488736	1256
3.08529057823007	2	1257
4.3059744143963	4.16992500144231	1258
2.28103336724773	0	1259
2.7427251313047	0	1260
2.2148438480477	1	1261
2.96614173273903	2	1262
3.2143138974244	2	1263
3.38614210893082	2.58496250072116	1264
2.8488047010518	1	1265
1.89209460269048	0	1266
1.86332286012046	1	1267
2.06069784035361	0	1268
3.21112054125805	1.58496250072116	1269
3.04921802267018	2	1270
1.69897000433602	1	1271
2.10380372095596	0	1272
2.00432137378264	1	1273
3.01535975540921	1.58496250072116	1274
3.03302144468291	1	1275
1.93951925261862	0	1276
2.79726754083072	1	1277
2.20139712432045	0	1278
2.46982201597816	1	1279
2.61172330800734	1	1280
2.85793526471943	1	1281
2.63848925695464	1.58496250072116	1282
3.72574833299555	2.32192809488736	1283
3.08955188288645	1	1284
2.20951501454263	0	1285
2.19312459835446	1	1286
3.45954325828041	2	1287
3.00302947055362	1.58496250072116	1288
2.3096301674259	1	1289
2.77742682238931	1	1290
2.6730209071289	2	1291
2.57634135020579	0	1292
2.63848925695464	1	1293
3.34947179921439	2	1294
2.98362628712453	1	1295
2.27875360095283	2	1296
2.31806333496276	0	1297
3.11394335230684	2	1298
2.93601079571521	1.58496250072116	1299
2.10037054511756	0	1300
1.95904139232109	1	1301
2.41329976408125	1	1302
2.44715803134222	1	1303
3.32919441508845	2	1304
3.22659990520736	2.58496250072116	1305
3.24452451157008	1	1306
2.65321251377534	1.58496250072116	1307
2.48000694295715	1	1308
3.47755533219898	2.8073549220576	1309
2.72181061521255	1.58496250072116	1310
2.87215627274829	1.58496250072116	1311
3.15926633109349	2	1312
2.84260923961056	1	1313
2.10380372095596	0	1314
2.27875360095283	1	1315
1.25527250510331	0	1316
3.16256440652302	1.58496250072116	1317
2.45024910831936	2	1318
1.27875360095283	0	1319
3.09725730969342	1.58496250072116	1320
2.20411998265593	1.58496250072116	1321
3.08170727009735	1	1322
2.25527250510331	1	1323
3.20466251174822	2.32192809488736	1324
2.45788189673399	1	1325
2.66464197555613	1.58496250072116	1326
2.76117581315573	0	1327
3.28712962071911	2	1328
2.83314711191279	1	1329
3.19173039336286	1.58496250072116	1330
3.2559957267224	1.58496250072116	1331
2.25767857486918	1	1332
3.01911629044707	2	1333
2.81690383937566	2	1334
2.42324587393681	0	1335
1.68124123737559	0	1336
2.98091193777684	1.58496250072116	1337
1.81291335664286	1	1338
1.39794000867204	0	1339
2.41664050733828	0	1340
1.8750612633917	0	1341
2.97081161087252	2	1342
3.22453306260609	1.58496250072116	1343
2.7419390777292	0	1344
2.57863920996807	1	1345
3.38417413880703	2	1346
2.69722934275972	1	1347
2.6170003411209	1	1348
2.44090908206522	2	1349
2.47712125471966	1	1350
2.65513843481138	2	1351
3.70440792738684	2.8073549220576	1352
2.47275644931721	1	1353
2.39967372148104	1	1354
3.40036527334994	1.58496250072116	1355
2.89153745767256	1	1356
2.32014628611105	1	1357
2.12710479836481	1	1358
3.39741854235135	2	1359
3.15594301797184	2	1360
2.32633586092875	1	1361
2.24303804868629	0	1362
2.36735592102602	1	1363
2.3384564936046	1	1364
2.24551266781415	0	1365
2.58206336291171	1	1366
3.3773062510682	1.58496250072116	1367
3.14519640611418	2	1368
2.29446622616159	0	1369
1.96848294855394	0	1370
2.57749179983723	0	1371
2.79098847508882	2	1372
2.28780172993023	0	1373
2.54282542695918	1	1374
3.2464985807958	2	1375
2.62940959910272	1.58496250072116	1376
2.69372694892365	1	1377
1.32221929473392	0	1378
2.38201704257487	1	1379
3.01029995663981	1.58496250072116	1380
2.25767857486918	1	1381
2.13987908640124	0	1382
2.76789761601809	2	1383
1.99563519459755	1	1384
2.31806333496276	1	1385
2.57634135020579	0	1386
2.37106786227174	0	1387
2.89209460269048	2	1388
2.4456042032736	0	1389
2.80071707828239	1	1390
2.19865708695442	0	1391
2.23299611039215	1	1392
2.74350976472843	1	1393
2.06069784035361	0	1394
2.32221929473392	1	1395
2.03742649794062	1	1396
3.30449052777349	1.58496250072116	1397
3.28488171465545	2	1398
3.54543082946535	2	1399
3.12678057701201	2	1400
3.05037975626146	1.58496250072116	1401
2.19033169817029	0	1402
2.14612803567824	0	1403
3.09656243837414	1.58496250072116	1404
3.0565237240791	2	1405
2.14921911265538	1	1406
2.75358305889291	1	1407
2.90687353472207	1	1408
2.1846914308176	0	1409
3.14019367857863	1	1410
2.93500315145366	1	1411
2.36361197989214	1	1412
3.08742645703629	1	1413
1.95904139232109	0	1414
2.86033800657099	1	1415
2.92012332629072	1.58496250072116	1416
2.65896484266444	0	1417
3.5956064348656	2.58496250072116	1418
2.67117284271508	1	1419
2.51719589794997	1	1420
1.91907809237607	0	1421
2.79934054945358	2	1422
2.75281643118827	1	1423
2.40312052117582	1	1424
2.10720996964787	0	1425
1.25527250510331	0	1426
2.43775056282039	2	1427
2.40993312333129	2	1428
2.11058971029925	1	1429
3.24254142829838	2	1430
1.53147891704226	0	1431
3.51838231554534	2.58496250072116	1432
3.22010808804006	1	1433
2.76492298464989	1	1434
3.03382569395331	1.58496250072116	1435
3.2132520521964	2	1436
2.97726621242729	1	1437
3.02897770520878	1.58496250072116	1438
3.28216877830464	2	1439
2.51321760006794	0	1440
1.32221929473392	0	1441
3.26881190373978	2	1442
3.16226561429802	2	1443
2.40654018043396	0	1444
2.66370092538965	2	1445
2.44090908206522	0	1446
2.56937390961505	0	1447
3.17926446433903	2	1448
2.52762990087134	1	1449
2.40823996531185	1	1450
3.34849957028384	2	1451
2.88592633980143	1	1452
2.02118929906994	1	1453
2.32221929473392	1	1454
2.56229286445647	1	1455
3.06781451116184	2	1456
2.40312052117582	0	1457
3.84192231167945	2.8073549220576	1458
3.32159843046534	2	1459
2.85793526471943	1.58496250072116	1460
1.68124123737559	0	1461
2.59328606702046	0	1462
1.95424250943932	0	1463
2.03742649794062	0	1464
3.48812749624746	2.32192809488736	1465
2.03742649794062	0	1466
2.17318626841227	1	1467
2.22530928172586	0	1468
3.16435285578444	1.58496250072116	1469
3.28375338333253	2.32192809488736	1470
2.97405090279288	1	1471
1.69019608002851	1	1472
2.41329976408125	1	1473
2.69722934275972	1	1474
2.70156798505593	1	1475
2.20682587603185	0	1476
2.60745502321467	0	1477
3.01241537476243	2	1478
1.55630250076729	0	1479
1.94939000664491	2	1480
2.34635297445064	0	1481
3.30877777366472	2	1482
2.16435285578444	0	1483
2.91698004732038	1	1484
2.17026171539496	0	1485
2.84073323461181	2	1486
1.68124123737559	0	1487
2.50242711998443	1	1488
3.20112389720738	2	1489
1.98227123303957	0	1490
2.94001815500766	1.58496250072116	1491
3.01745072951054	1.58496250072116	1492
3.11627558758054	1	1493
1.83250891270624	0	1494
3.03822263836872	2	1495
2.51188336097887	2	1496
1.97772360528885	0	1497
2.68033551341456	1	1498
3.72786644946749	2.58496250072116	1499
2.13987908640124	1	1500
2.07188200730613	2	1501
4.13309161025471	3.58496250072116	1502
2.40140054078154	0	1503
2.53529412004277	0	1504
3.44684771015581	2.58496250072116	1505
2.56466606425209	1.58496250072116	1506
2.31597034545692	1.58496250072116	1507
2.03342375548695	1	1508
2.12710479836481	1	1509
3.3727279408856	2.32192809488736	1510
2.77378644498119	1	1511
2.60314437262018	1	1512
1.86923171973098	2	1513
2.54777470538782	1.58496250072116	1514
2.84323277809801	1	1515
1.95904139232109	0	1516
2.36735592102602	1	1517
2.96661098668193	0	1518
2.24303804868629	1	1519
3.41363499719856	2	1520
3.08062648692181	1.58496250072116	1521
3.20897851727625	1.58496250072116	1522
3.66275783168157	3	1523
3.40312052117582	2	1524
2.72672720902657	1	1525
2.89762709129044	1.58496250072116	1526
2.72181061521255	1.58496250072116	1527
2.63245729218472	0	1528
2.58319877396862	1	1529
2.95904139232109	2	1530
3.45575820310414	2.32192809488736	1531
2.45788189673399	1	1532
1.90848501887865	0	1533
2.87966920563205	1	1534
2.63144376901317	1	1535
2.06069784035361	0	1536
2.25767857486918	0	1537
2.51321760006794	1	1538
2.70586371228392	1.58496250072116	1539
1.30102999566398	0	1540
2.59659709562646	1	1541
2.99166900737995	2	1542
3.24674470972384	2	1543
3.03181227133037	2	1544
2.35602585719312	0	1545
3.24328614608345	2	1546
2	0	1547
3.13097669160562	2	1548
1.92427928606188	0	1549
2.09691001300806	1	1550
3.16196661636408	2	1551
2.61384182187607	1.58496250072116	1552
1.79934054945358	0	1553
2.86093662070009	1.58496250072116	1554
2.63848925695464	2	1555
2.2380461031288	0	1556
2.42324587393681	1	1557
2.85973856619715	0	1558
2.42813479402879	1.58496250072116	1559
2.29225607135648	0	1560
2.54032947479087	2	1561
2.07188200730613	1	1562
2.46089784275655	1	1563
2.13987908640124	1	1564
2.68663626926229	1	1565
2.10037054511756	1	1566
1.83884909073726	1	1567
2.38738982633873	0	1568
2.25285303097989	1	1569
2.26481782300954	0	1570
2.26481782300954	1	1571
2.28555730900777	2	1572
1.60205999132796	1	1573
2.43136376415899	0	1574
3.12580645813953	1.58496250072116	1575
0.778151250383644	0	1576
2.41664050733828	1	1577
2.56110138364906	1	1578
2.10037054511756	0	1579
2.27646180417324	0	1580
3.47683162851226	2	1581
1.85733249643127	1	1582
3.00860017176192	1	1583
2.8668778143375	1.58496250072116	1584
2.39619934709574	1	1585
2.44090908206522	1	1586
2.83821922190763	1.58496250072116	1587
2.94299959336604	2	1588
2.06445798922692	1	1589
2.74507479158206	1	1590
2.70156798505593	2	1591
2.17318626841227	1	1592
2.41995574848976	1	1593
2.18752072083646	1.58496250072116	1594
1.79239168949825	0	1595
1.80617997398389	0	1596
2.55022835305509	1	1597
1.96848294855394	0	1598
2.55509444857832	1	1599
2.22788670461367	1.58496250072116	1600
2.44870631990508	1	1601
3.08529057823007	1	1602
2.44404479591808	2	1603
2.80277372529198	1	1604
1.74036268949424	0	1605
2.42160392686983	2	1606
2.68484536164441	0	1607
1.568201724067	0	1608
2.09342168516224	0	1609
1.50514997831991	0	1610
2.77815125038364	0	1611
2.98407703390283	1.58496250072116	1612
2.72509452108147	1.58496250072116	1613
2.52504480703685	1	1614
2.31175386105575	0	1615
2.38021124171161	1.58496250072116	1616
2.61172330800734	1	1617
2.24797326636181	1	1618
2.40312052117582	0	1619
1.88649072517248	0	1620
2.28330122870355	0	1621
2.06818586174616	0	1622
1.14612803567824	0	1623
2.48713837547719	0	1624
2.24551266781415	1	1625
1.69897000433602	1	1626
2.8561244442423	0	1627
2.25527250510331	2	1628
2.63144376901317	1	1629
2.71432975974523	1.58496250072116	1630
2.54157924394658	0	1631
2.23044892137827	1	1632
2.84633711212981	1.58496250072116	1633
3.31618009889345	1.58496250072116	1634
2.50514997831991	1	1635
1.81291335664286	0	1636
2.76937732607614	2	1637
3.34183005692051	2	1638
1.72427586960079	0	1639
2.0899051114394	0	1640
2.38738982633873	0	1641
1.30102999566398	0	1642
2.62531245096167	0	1643
2.70842090013471	1	1644
3.42699895875654	2	1645
2.96567197122011	1.58496250072116	1646
3.11693964655076	2	1647
1.07918124604762	0	1648
1.34242268082221	0	1649
2.86981820797933	0	1650
1.61278385671974	0	1651
0.903089986991944	0	1652
2.55750720190566	1.58496250072116	1653
2.24551266781415	0	1654
2.41161970596323	1	1655
2.56702636615906	1	1656
1.80617997398389	0	1657
2.52374646681156	1	1658
1.9731278535997	0	1659
1.67209785793572	1.58496250072116	1660
1.49136169383427	1	1661
2.98181860717066	2	1662
2.01703333929878	0	1663
1.96378782734556	1	1664
2.48429983934679	1.58496250072116	1665
2.20139712432045	0	1666
1.74036268949424	0	1667
1.90308998699194	1	1668
3.17114115102838	1.58496250072116	1669
2.69284691927723	1	1670
2.38916608436453	0	1671
1.89209460269048	1	1672
2.14921911265538	0	1673
3.4323277922616	2	1674
1.20411998265592	0	1675
3.03019478535675	2	1676
1.98227123303957	1.58496250072116	1677
2.2380461031288	1	1678
2.18184358794477	1	1679
2.00432137378264	0	1680
2.36735592102602	2	1681
2.68394713075151	1	1682
2.45331834004704	1	1683
2.48144262850231	0	1684
3.27623195792183	2	1685
2.5092025223311	1	1686
1.88649072517248	0	1687
1.91381385238372	1	1688
3.17143390094301	2	1689
2.79726754083072	1	1690
2.98989456371877	1	1691
1.32221929473392	1.58496250072116	1692
2.0899051114394	1	1693
2.39619934709574	0	1694
1.88081359228079	0	1695
2.02530586526477	1	1696
1	0	1697
2.52374646681156	2	1698
2.05307844348342	0	1699
2.07188200730613	0	1700
2.54777470538782	0	1701
2.7481880270062	1	1702
2.72916478969277	1.58496250072116	1703
2.23299611039215	1.58496250072116	1704
2.55630250076729	1	1705
2.29446622616159	2	1706
2.68394713075151	1	1707
2.53529412004277	0	1708
3.67033864112744	2.58496250072116	1709
2.8055008581584	1	1710
2.53655844257153	0	1711
3.72827259789502	3.32192809488736	1712
2.68752896121463	1	1713
2.54406804435028	2	1714
2.81822589361396	1	1715
2.54282542695918	1	1716
2.59879050676312	0	1717
1.36172783601759	0	1718
1.41497334797082	0	1719
2.60422605308447	1	1720
2.54530711646582	1	1721
2.86805636182304	2	1722
2.17026171539496	1	1723
2.49692964807322	0	1724
3.72230478687433	2.8073549220576	1725
2.89872518158949	1.58496250072116	1726
2.00432137378264	0	1727
1.27875360095283	0	1728
2.06069784035361	1	1729
2.21748394421391	0	1730
2.27646180417324	0	1731
2.22530928172586	0	1732
1.38021124171161	0	1733
2.08635983067475	0	1734
1.80617997398389	0	1735
1.36172783601759	0	1736
1.36172783601759	0	1737
2.49554433754645	1	1738
2.35602585719312	1	1739
1.83250891270624	2	1740
1	0	1741
2.16136800223497	1	1742
2.1430148002541	0	1743
2.12057393120585	0	1744
2.34242268082221	0	1745
2.90091306773767	2	1746
2.08635983067475	1.58496250072116	1747
1.88081359228079	0	1748
2.29003461136252	1	1749
2.2148438480477	0	1750
1.81291335664286	1	1751
2.26717172840301	0	1752
1.568201724067	0	1753
1.60205999132796	0	1754
2.11058971029925	2	1755
2.16731733474818	1	1756
2.23044892137827	0	1757
2.92220627743902	1	1758
1.53147891704226	0	1759
3.46760810558363	2.32192809488736	1760
2.40312052117582	2	1761
3.56631962152481	2.32192809488736	1762
3.61909333062674	2.32192809488736	1763
2.84073323461181	1	1764
2.60422605308447	0	1765
2.46239799789896	1	1766
1.93449845124357	1	1767
1.66275783168157	0	1768
3.48628876096057	2.32192809488736	1769
2.47567118832443	1	1770
2.0899051114394	1	1771
2.08278537031645	1	1772
3.23929947912689	1.58496250072116	1773
1.86923171973098	0	1774
2.69722934275972	1	1775
2.72754125702856	2	1776
2.03742649794062	0	1777
3.25647720624168	1.58496250072116	1778
1.92941892571429	1	1779
2.16136800223497	0	1780
2.2148438480477	1	1781
2.35602585719312	1	1782
2.32428245529769	2	1783
1.78532983501077	0	1784
2.42160392686983	1	1785
2.40140054078154	1.58496250072116	1786
1.60205999132796	0	1787
1.98227123303957	0	1788
1.98227123303957	0	1789
3.12775251583297	1.58496250072116	1790
1.64345267648619	0	1791
1.85125834871908	0	1792
2.50379068305718	0	1793
2.73399928653839	1	1794
2.66838591669	0	1795
2.72509452108147	0	1796
2.24303804868629	0	1797
2.39794000867204	2	1798
3.41929472175346	2	1799
2.25285303097989	1	1800
2.88138465677057	1.58496250072116	1801
1.51851393987789	0	1802
0.602059991327962	0	1803
2.03342375548695	0	1804
1.96848294855394	1	1805
1.41497334797082	0	1806
2.53529412004277	0	1807
2.06818586174616	1.58496250072116	1808
2.78532983501077	2	1809
1.39794000867204	0	1810
2.16435285578444	1.58496250072116	1811
1.74036268949424	0	1812
2.42324587393681	2	1813
2.30319605742049	1	1814
1.89762709129044	0	1815
2.74429298312268	1	1816
2.92427928606188	1	1817
2.55750720190566	1	1818
2.61172330800734	1	1819
2.4983105537896	0	1820
1.99563519459755	1	1821
1.8750612633917	1	1822
2.82020145948564	1	1823
1.5910646070265	0	1824
1.79239168949825	1	1825
2.34044411484012	0	1826
2.55750720190566	0	1827
2.83378437465648	1	1828
2.06069784035361	1	1829
2.23299611039215	0	1830
2.59879050676312	0	1831
2.45331834004704	1.58496250072116	1832
2.22010808804006	1	1833
1.9912260756925	0	1834
2.32633586092875	0	1835
3.19838213000829	2	1836
2.54900326202579	1	1837
2.26245108973043	1	1838
2.39445168082622	1	1839
2.46389298898591	0	1840
2.51188336097887	1.58496250072116	1841
1.38021124171161	0	1842
3.0982975364947	1.58496250072116	1843
1.8750612633917	0	1844
2.81954393554187	1.58496250072116	1845
2.30749603791321	0	1846
2.27415784926368	1.58496250072116	1847
2.23044892137827	0	1848
2.02530586526477	0	1849
0.698970004336019	0	1850
3.20709554041922	1.58496250072116	1851
2.42160392686983	1	1852
2.86213137931304	1.58496250072116	1853
1.7160033436348	0	1854
1.77085201164214	0	1855
1.50514997831991	0	1856
1.94939000664491	1	1857
2.91645394854993	1	1858
1.86923171973098	0	1859
2.72672720902657	1	1860
0.954242509439325	0	1861
1.41497334797082	0	1862
1.69897000433602	1.58496250072116	1863
1.89762709129044	0	1864
3.22556771343947	2	1865
1.88649072517248	0	1866
2	0	1867
2.76492298464989	2	1868
2.33243845991561	0	1869
1	0	1870
1.81291335664286	0	1871
1.86332286012046	1	1872
1.86332286012046	0	1873
2.11727129565576	0	1874
2.55388302664387	1.58496250072116	1875
2.65127801399814	1	1876
2.60205999132796	0	1877
1.11394335230684	0	1878
1.92941892571429	1	1879
2.81888541459401	0	1880
2.17318626841227	1	1881
1.65321251377534	0	1882
1.20411998265592	0	1883
2.78887511577542	1	1884
2.32837960343874	1	1885
2.45636603312904	1	1886
2.45178643552429	1	1887
2.23044892137827	0	1888
1.6232492903979	1	1889
1.51851393987789	0	1890
2.45484486000851	1	1891
2.90091306773767	1.58496250072116	1892
3.35755371974308	2.32192809488736	1893
2.34242268082221	1	1894
2.17318626841227	0	1895
1.20411998265592	0	1896
1.90848501887865	0	1897
2.03342375548695	0	1898
2.84385542262316	1	1899
2.61172330800734	0	1900
2.35793484700045	2	1901
2.94250410616808	2	1902
2.20411998265593	1	1903
2.959518376973	1.58496250072116	1904
1.6232492903979	0	1905
2.89486965674525	1.58496250072116	1906
3.48287358360875	2.58496250072116	1907
1.88081359228079	0	1908
1.07918124604762	0	1909
2.38738982633873	1	1910
2.62117628177504	1	1911
2.32221929473392	1	1912
2.55630250076729	1	1913
2.77959649125782	1	1914
2.69196510276736	1.58496250072116	1915
2.1430148002541	0	1916
2.76863810124761	1	1917
2.33445375115093	0	1918
1.70757017609794	1	1919
1.88649072517248	0	1920
2.13033376849501	0	1921
2.17318626841227	0	1922
2.95085145888855	1	1923
2.57863920996807	1	1924
1.50514997831991	0	1925
1.86332286012046	0	1926
2.22788670461367	0	1927
2.43296929087441	0	1928
1.81954393554187	0	1929
3.40105572577184	2.32192809488736	1930
1.72427586960079	0	1931
1.86923171973098	0	1932
1.86332286012046	0	1933
1.96378782734556	0	1934
2.73399928653839	1	1935
2.38916608436453	1	1936
0.778151250383644	0	1937
2.86332286012046	1.58496250072116	1938
2.15533603746506	1	1939
2.28330122870355	1	1940
2.46834733041216	1	1941
2.03742649794062	0	1942
3.17840134153376	1	1943
2.64246452024212	0	1944
2.33243845991561	1	1945
2.25042000230889	0	1946
2.13033376849501	0	1947
1.91907809237607	0	1948
2.34044411484012	1.58496250072116	1949
2.11058971029925	0	1950
2.22010808804006	1	1951
2.30319605742049	2	1952
2.87909587950007	0	1953
2.04921802267018	0	1954
0.698970004336019	0	1955
2.22271647114758	0	1956
2.69722934275972	2	1957
1.77815125038364	1	1958
2.57170883180869	0	1959
3.66548718078281	2.8073549220576	1960
2.97081161087252	1.58496250072116	1961
2.44870631990508	0	1962
2.58206336291171	2	1963
2.81690383937566	2	1964
1.88649072517248	1	1965
2.42324587393681	0	1966
2.57634135020579	1	1967
2.25767857486918	0	1968
2.35218251811136	1	1969
1.55630250076729	0	1970
2.56584781867352	0	1971
2.40312052117582	0	1972
1.85125834871908	1	1973
1.39794000867204	0	1974
1.43136376415899	0	1975
1.85125834871908	0	1976
3.01072386539177	2	1977
2.39619934709574	2	1978
2.27646180417324	1	1979
1.97772360528885	0	1980
2.3384564936046	1.58496250072116	1981
1.79239168949825	0	1982
2.47129171105894	1	1983
3.06145247908719	1	1984
2.01283722470517	0	1985
2.20682587603185	1	1986
2.87040390527903	1	1987
1.7481880270062	0	1988
1.25527250510331	0	1989
2.89817648349768	0	1990
3.14113609012074	2	1991
2.92634244662566	1	1992
2.3747483460101	1	1993
2.68574173860226	0	1994
1.20411998265592	0	1995
1.84509804001426	0	1996
2.51982799377572	1	1997
1.80617997398389	0	1998
1.85733249643127	0	1999
2.72181061521255	2	2000
3.10414555055401	2	2001
1.72427586960079	0	2002
2.54406804435028	1.58496250072116	2003
3.13703745478951	1.58496250072116	2004
2.61804809671209	1	2005
2.64738297011462	0	2006
2.39093510710338	0	2007
2.04532297878666	2	2008
2.75127910398334	1	2009
2.5092025223311	0	2010
2.27415784926368	0	2011
2.80955971463527	2	2012
2.13033376849501	1	2013
2.3747483460101	1	2014
1.80617997398389	0	2015
1.89762709129044	0	2016
1.74036268949424	0	2017
2.23552844690755	1	2018
1.82607480270083	0	2019
2.07188200730613	0	2020
2.68752896121463	1	2021
1.94939000664491	0	2022
2.49136169383427	1.58496250072116	2023
2.25767857486918	1	2024
2.37657695705651	1	2025
2.62940959910272	1	2026
2.23044892137827	0	2027
1.70757017609794	1	2028
1.94939000664491	1	2029
1.97772360528885	0	2030
2.5327543789925	0	2031
2.25767857486918	2	2032
2.84633711212981	2	2033
1.98677173426624	1	2034
2.09691001300806	0	2035
1.7481880270062	0	2036
2.46389298898591	1	2037
1.5910646070265	0	2038
2.65127801399814	1	2039
2.58994960132571	0	2040
2.09691001300806	0	2041
2.16136800223497	1	2042
3.07040732174012	2	2043
1.64345267648619	0	2044
1.34242268082221	0	2045
2.19865708695442	1	2046
2.41497334797082	1	2047
2.83058866868514	1	2048
3.03782475058834	1.58496250072116	2049
1.90308998699194	1	2050
2.39269695325967	1	2051
1.49136169383427	1	2052
2.29885307640971	1	2053
3.67154308526257	2.32192809488736	2054
2.47421626407626	1	2055
3.13193929521042	1	2056
1.61278385671974	1	2057
1.93951925261862	1	2058
1.55630250076729	0	2059
2.3654879848909	1	2060
1.83250891270624	1	2061
2.02530586526477	1.58496250072116	2062
1.51851393987789	0	2063
2.64443858946784	0	2064
1.63346845557959	0	2065
1.95424250943932	0	2066
1.6232492903979	0	2067
1.92941892571429	0	2068
2.89320675305985	1.58496250072116	2069
3.03742649794062	1	2070
2.42813479402879	1.58496250072116	2071
2.45788189673399	1	2072
1.39794000867204	0	2073
0.845098040014257	0	2074
2.61804809671209	2	2075
0.778151250383644	0	2076
2.17897694729317	1	2077
2.57518784492766	1	2078
2.01703333929878	1	2079
2.46538285144842	1	2080
2.66931688056611	1	2081
3.14860265480609	2	2082
3.01745072951054	1	2083
3.32613095671079	2	2084
2.09342168516224	1	2085
2.48429983934679	1	2086
1.60205999132796	0	2087
2.45024910831936	0	2088
1.95904139232109	0	2089
2.44247976906445	0	2090
2.38916608436453	1	2091
2.03742649794062	0	2092
2.17897694729317	0	2093
2.2148438480477	2	2094
2.33243845991561	0	2095
2.15836249209525	0	2096
2.55388302664387	1	2097
2.10380372095596	0	2098
2.41329976408125	0	2099
2.19312459835446	0	2100
2.59769518592551	1	2101
2.07918124604762	0	2102
2.20951501454263	0	2103
1.27875360095283	0	2104
1.85733249643127	1	2105
1.91907809237607	0	2106
2.26007138798507	0	2107
2.08278537031645	1	2108
1.77815125038364	0	2109
2.09691001300806	0	2110
2.34242268082221	1	2111
1.88081359228079	1	2112
2.38560627359831	1	2113
1.92941892571429	0	2114
2.11058971029925	0	2115
2.17026171539496	0	2116
2.00860017176192	1	2117
1.85125834871908	0	2118
2.48713837547719	1	2119
1.46239799789896	0	2120
2.76789761601809	0	2121
2.41329976408125	1	2122
2.49554433754645	0	2123
2.32221929473392	1	2124
3.36586221540256	2	2125
1.55630250076729	1	2126
1.70757017609794	0	2127
2.48000694295715	0	2128
2.68841982200271	2	2129
2.70671778233676	2	2130
2.02118929906994	1.58496250072116	2131
2.46538285144842	0	2132
2.45636603312904	1.58496250072116	2133
1.97772360528885	0	2134
1.20411998265592	0	2135
2.06069784035361	0	2136
2.45178643552429	1	2137
1.9912260756925	0	2138
3.10277661488344	2	2139
2.24551266781415	1	2140
1.69897000433602	0	2141
2.07188200730613	0	2142
2.36361197989214	0	2143
2.16435285578444	0	2144
2.57287160220048	1	2145
2.73239375982297	1	2146
1.95424250943932	0	2147
1.65321251377534	1	2148
2.35024801833416	1	2149
1.90848501887865	0	2150
2.79657433321043	1.58496250072116	2151
2.32633586092875	1	2152
2.49692964807322	2	2153
3.53819657834945	2.32192809488736	2154
3.31365634661803	1.58496250072116	2155
1.5910646070265	1	2156
3.20493352235415	1	2157
1.92427928606188	1	2158
1.81291335664286	0	2159
1.57978359661681	0	2160
1.93449845124357	0	2161
2.9532763366673	2	2162
1.7160033436348	0	2163
2.93550726582471	2	2164
1.68124123737559	1	2165
1.91907809237607	1	2166
2.68033551341456	2	2167
2.83250891270624	1	2168
2.27415784926368	0	2169
2.77451696572855	1.58496250072116	2170
1.53147891704226	0	2171
2.1846914308176	0	2172
2.04921802267018	0	2173
2.79239168949825	1	2174
2.20139712432045	0	2175
2.22788670461367	1	2176
2.84260923961056	1	2177
2.62428209583567	1.58496250072116	2178
2.95999483832842	1	2179
2.35024801833416	2	2180
1.9731278535997	1	2181
1.94448267215017	0	2182
2.72997428569956	2	2183
1.50514997831991	0	2184
2.64048143697042	1	2185
2.73798732633343	1	2186
2.33445375115093	0	2187
1.91381385238372	0	2188
2.04532297878666	1.58496250072116	2189
2.19033169817029	0	2190
2.17897694729317	1	2191
2.34635297445064	1	2192
2.35024801833416	1	2193
3.10071508657308	2	2194
2.72263392253381	1	2195
1.86923171973098	0	2196
1.69019608002851	0	2197
2.96894968098134	0	2198
1.68124123737559	0	2199
2.51454775266029	2	2200
1.89209460269048	0	2201
2.31597034545692	0	2202
2.20951501454263	0	2203
1.83250891270624	0	2204
2.93247376467715	2	2205
2.18184358794477	1	2206
2.63848925695464	1	2207
1.5910646070265	1	2208
2.33041377334919	0	2209
2.65609820201283	0	2210
1.8750612633917	0	2211
3.14983469671579	2	2212
1.67209785793572	0	2213
2.37839790094814	1	2214
2.17318626841227	1	2215
2.22010808804006	0	2216
1.96848294855394	0	2217
3.27623195792183	1	2218
2.94694327069783	2	2219
3.41580772763554	2	2220
1.97772360528885	0	2221
2.50379068305718	1	2222
1.61278385671974	1	2223
1.67209785793572	1	2224
1.65321251377534	0	2225
2.33645973384853	1	2226
2.92324401863028	1	2227
1.82607480270083	0	2228
2.26245108973043	0	2229
1.92427928606188	0	2230
2.16435285578444	1	2231
1.89209460269048	1	2232
2.3654879848909	1	2233
2.30102999566398	1	2234
1.98677173426624	0	2235
1.86923171973098	2	2236
1.77085201164214	0	2237
2.14612803567824	0	2238
1.61278385671974	0	2239
2.3747483460101	0	2240
2.16731733474818	0	2241
1.96848294855394	0	2242
2.2718416065365	0	2243
3.40019248859258	2	2244
1.81954393554187	1	2245
1.92941892571429	0	2246
2.52374646681156	2	2247
2.1430148002541	0	2248
3.05153839051533	2	2249
1.64345267648619	0	2250
2.49415459401844	1	2251
2.6570558528571	0	2252
2.12057393120585	0	2253
1.5910646070265	1	2254
2.3541084391474	1	2255
1.81291335664286	1.58496250072116	2256
1.36172783601759	0	2257
2.95999483832842	1.58496250072116	2258
2.75966784468963	0	2259
1.07918124604762	0	2260
1.94939000664491	0	2261
3.74146676176976	2.32192809488736	2262
2.23552844690755	0	2263
2.04532297878666	1	2264
1.89209460269048	1	2265
2.09342168516224	2	2266
1.89209460269048	0	2267
1.8750612633917	0	2268
2.69722934275972	2	2269
1.66275783168157	0	2270
2.58092497567562	1	2271
2.29885307640971	1	2272
1.95424250943932	0	2273
2.3654879848909	0	2274
2.39967372148104	0	2275
1.88649072517248	0	2276
2.03342375548695	2	2277
1.90308998699194	0	2278
1.77085201164214	0	2279
1.90308998699194	1.58496250072116	2280
2.02118929906994	0	2281
1.82607480270083	0	2282
2.32633586092875	1	2283
1.36172783601759	1	2284
2.75966784468963	0	2285
1.75587485567249	0	2286
2.55509444857832	0	2287
1.73239375982297	1	2288
1.90308998699194	0	2289
2.19865708695442	0	2290
1.86923171973098	0	2291
2.64246452024212	0	2292
2.7419390777292	2	2293
1.23044892137827	0	2294
3.28420506770179	2.32192809488736	2295
2.98362628712453	2	2296
1.568201724067	0	2297
2.80208925788173	1	2298
2.76566855475901	1	2299
2.24797326636181	0	2300
2.33243845991561	1	2301
2.30749603791321	1	2302
2.24551266781415	1	2303
1.55630250076729	0	2304
2.07918124604762	1	2305
2.2718416065365	1.58496250072116	2306
2.21748394421391	1	2307
1.88649072517248	0	2308
1.53147891704226	0	2309
1.25527250510331	0	2310
2.94890176097021	1.58496250072116	2311
2.33041377334919	1	2312
1.88081359228079	0	2313
2.01283722470517	0	2314
2.5705429398819	1	2315
2.31386722036915	1	2316
1.83884909073726	1	2317
2.77085201164214	2	2318
1.8750612633917	1	2319
2.19589965240923	1	2320
3.21932250841934	1.58496250072116	2321
2.78247262416629	1	2322
1.92941892571429	0	2323
1.64345267648619	1	2324
2.04921802267018	0	2325
2.51188336097887	0	2326
2.28780172993023	1.58496250072116	2327
1.93449845124357	0	2328
2.7979596437372	1	2329
2.15533603746506	0	2330
2.0899051114394	1	2331
2.48855071650044	0	2332
2.51719589794997	1	2333
2.13672056715641	1	2334
1.89762709129044	0	2335
2.58883172559421	1	2336
1.75587485567249	0	2337
2.16731733474818	0	2338
2.51054501020661	0	2339
2.15228834438306	1	2340
2	1	2341
2.1430148002541	1	2342
1.73239375982297	1	2343
1.568201724067	0	2344
2.73878055848437	1.58496250072116	2345
2.97772360528885	0	2346
2.11058971029925	0	2347
1.85125834871908	1	2348
2.46089784275655	0	2349
1.7160033436348	0	2350
3.17811325231463	2	2351
2.24303804868629	2	2352
2.59769518592551	0	2353
1.86332286012046	0	2354
2.39967372148104	0	2355
2.11058971029925	1.58496250072116	2356
2.13987908640124	0	2357
2.61384182187607	0	2358
1.81954393554187	0	2359
2.23299611039215	0	2360
1.95904139232109	0	2361
1.81954393554187	1	2362
3.01953168453126	0	2363
2.18184358794477	1	2364
1.69897000433602	0	2365
2.22271647114758	0	2366
2.79169064902012	1.58496250072116	2367
2.17897694729317	0	2368
2.23044892137827	1	2369
2.18752072083646	0	2370
2.44247976906445	1	2371
2.22010808804006	1	2372
2.26245108973043	1.58496250072116	2373
2.86213137931304	1	2374
2.15228834438306	0	2375
2.61804809671209	1	2376
3.22659990520736	2	2377
1.96378782734556	0	2378
2.55022835305509	1	2379
2.24303804868629	1	2380
2.42975228000241	1	2381
2.37106786227174	1	2382
1.41497334797082	0	2383
2.6570558528571	1	2384
2.43775056282039	1	2385
2.32428245529769	1	2386
2.01283722470517	1	2387
1.96378782734556	1.58496250072116	2388
2.43775056282039	1	2389
3.06818586174616	1.58496250072116	2390
2.69372694892365	1	2391
2.45024910831936	2	2392
3.70303330473369	2.8073549220576	2393
1.89762709129044	0	2394
2.70156798505593	1	2395
0.477121254719662	0	2396
2.53402610605614	2	2397
1.89762709129044	0	2398
2.00860017176192	1	2399
2.28103336724773	1	2400
3.2678754193189	2	2401
3.04296907339318	1.58496250072116	2402
1.78532983501077	0	2403
2.4996870826184	0	2404
1.6232492903979	0	2405
0.778151250383644	1	2406
3.1914510144649	1.58496250072116	2407
2.12057393120585	0	2408
2.23299611039215	0	2409
1.5910646070265	0	2410
2.84695532501982	1	2411
2.32428245529769	0	2412
1.75587485567249	1	2413
2.99387691494121	1.58496250072116	2414
2.17026171539496	0	2415
2.02530586526477	0	2416
1.64345267648619	0	2417
2.69284691927723	0	2418
2.04139268515823	1	2419
2	0	2420
2.07554696139253	0	2421
2.15836249209525	1	2422
2.41995574848976	1	2423
2.52504480703685	1	2424
3.06929801211553	2	2425
1.25527250510331	0	2426
0.477121254719662	0	2427
1.88081359228079	0	2428
1.85733249643127	1	2429
2.44715803134222	1.58496250072116	2430
1.88649072517248	1	2431
1.7481880270062	0	2432
1.8750612633917	1	2433
3.06595298031387	1	2434
2.20951501454263	0	2435
2.19312459835446	1	2436
1.5910646070265	0	2437
1.60205999132796	0	2438
2.27415784926368	1	2439
2.48855071650044	2	2440
4.08735543005405	3.70043971814109	2441
2.85003325768977	2	2442
2.16731733474818	0	2443
2.17897694729317	1	2444
2.64542226934909	1	2445
2.13033376849501	1	2446
1.38021124171161	0	2447
1.95904139232109	1	2448
1.72427586960079	0	2449
2.10380372095596	2	2450
2.12057393120585	1	2451
1.95424250943932	0	2452
1.82607480270083	0	2453
2	1	2454
1.78532983501077	0	2455
1.86923171973098	0	2456
2.04921802267018	0	2457
2.20139712432045	0	2458
1.50514997831991	0	2459
1.63346845557959	1	2460
1.60205999132796	0	2461
2.47712125471966	1	2462
2.83884909073726	1	2463
2.30535136944662	1	2464
1.79239168949825	1	2465
0.602059991327962	0	2466
2.65030752313194	1	2467
2.19589965240923	0	2468
2.47275644931721	1	2469
2.48287358360875	1	2470
1.9731278535997	1	2471
1.49136169383427	0	2472
2.82216807936802	1	2473
1.68124123737559	0	2474
1.61278385671974	0	2475
2.10037054511756	0	2476
1.50514997831991	0	2477
1.95424250943932	1	2478
1.32221929473392	0	2479
2.17318626841227	1.58496250072116	2480
1.8750612633917	0	2481
1.5910646070265	0	2482
2.25042000230889	1.58496250072116	2483
2.14921911265538	0	2484
2.16136800223497	0	2485
3.27392678010053	2	2486
3.40001963506516	2	2487
2.64443858946784	2	2488
1.89209460269048	0	2489
2.70243053644553	1	2490
1.79239168949825	0	2491
1.84509804001426	0	2492
2.12057393120585	0	2493
1.69897000433602	1.58496250072116	2494
1.86332286012046	0	2495
1.14612803567824	0	2496
2.63948648926859	1	2497
2.07554696139253	0	2498
1.92427928606188	1	2499
2.05690485133647	1	2500
0.301029995663981	0	2501
1.98677173426624	0	2502
3.2674064187529	2	2503
3.18667386749975	2	2504
2.58994960132571	0	2505
3.61182947949837	2.58496250072116	2506
2.29666519026153	1.58496250072116	2507
1.65321251377534	0	2508
1.67209785793572	1	2509
0.903089986991944	0	2510
2.76342799356294	1	2511
3.57356777303922	2.32192809488736	2512
2.17897694729317	0	2513
1.04139268515822	0	2514
1.61278385671974	0	2515
3.96089867732666	3.58496250072116	2516
3.33585891131982	2.32192809488736	2517
2.32837960343874	0	2518
2.70926996097583	0	2519
1.64345267648619	0	2520
2.23299611039215	0	2521
2.57863920996807	1	2522
1.69019608002851	0	2523
1.80617997398389	1	2524
2.3654879848909	0	2525
1.94939000664491	0	2526
1.85733249643127	0	2527
1.55630250076729	1	2528
2	0	2529
2.40312052117582	2	2530
1.9912260756925	1	2531
2.5092025223311	1	2532
2.13672056715641	1	2533
2.53781909507327	1	2534
2.40823996531185	1	2535
1.76342799356294	0	2536
2.27415784926368	1	2537
2.56229286445647	0	2538
2.66181268553726	1	2539
2.00432137378264	1.58496250072116	2540
2.60097289568675	0	2541
2.58994960132571	0	2542
2.16136800223497	1	2543
1.79934054945358	0	2544
0.477121254719662	0	2545
2.17897694729317	0	2546
1.95424250943932	0	2547
2.48287358360875	0	2548
1.75587485567249	1	2549
1.88649072517248	1.58496250072116	2550
2.53529412004277	0	2551
2.62736585659273	1	2552
2.07918124604762	0	2553
2.65896484266444	0	2554
1.7160033436348	0	2555
2.95616843047536	1.58496250072116	2556
2.54530711646582	0	2557
2.64738297011462	1.58496250072116	2558
2.23044892137827	0	2559
2.38738982633873	0	2560
2.54530711646582	1	2561
1.94939000664491	0	2562
2.50105926221775	0	2563
1.38021124171161	1	2564
1.36172783601759	0	2565
1.34242268082221	0	2566
3.14238946611884	2	2567
2.70500795933334	1.58496250072116	2568
1.72427586960079	0	2569
3.01535975540921	1	2570
2.07918124604762	0	2571
1.69897000433602	0	2572
2.93247376467715	2	2573
2.20682587603185	0	2574
2.38381536598043	0	2575
2.09691001300806	0	2576
3.3151303171836	2.32192809488736	2577
2.43136376415899	2	2578
1.30102999566398	0	2579
2.69284691927723	1	2580
3.70603466071435	2.58496250072116	2581
3.15896526038341	2	2582
2.06818586174616	1	2583
2.91222205653242	1.58496250072116	2584
2.10037054511756	0	2585
2.60205999132796	0	2586
2.05690485133647	1	2587
2.52113808370404	0	2588
2.1846914308176	1	2589
1.98677173426624	1	2590
2.21748394421391	0	2591
1.89762709129044	1	2592
1.95424250943932	1	2593
1.60205999132796	0	2594
2.2380461031288	1	2595
2.66838591669	0	2596
3.40157284567645	2.58496250072116	2597
2.41329976408125	0	2598
2.64246452024212	1	2599
2.06069784035361	1	2600
1.53147891704226	0	2601
2.19033169817029	0	2602
1.90308998699194	0	2603
1.76342799356294	0	2604
2.40993312333129	0	2605
2.46389298898591	1.58496250072116	2606
2.23299611039215	1	2607
1.83884909073726	0	2608
1.60205999132796	0	2609
2.38560627359831	1	2610
2.20411998265593	0	2611
2.02118929906994	0	2612
2.31386722036915	1	2613
1.82607480270083	0	2614
2.71767050300226	2	2615
3.05230909964732	1.58496250072116	2616
2.33645973384853	0	2617
2.46089784275655	1	2618
1.67209785793572	0	2619
2.13672056715641	0	2620
1.92427928606188	0	2621
2.00860017176192	0	2622
2.20411998265593	1	2623
2.20682587603185	0	2624
1.96848294855394	1	2625
3.23274206272074	2	2626
1.77815125038364	1	2627
2.2380461031288	1	2628
1.9731278535997	0	2629
1.77815125038364	0	2630
2.08635983067475	0	2631
1.95904139232109	1	2632
2.15533603746506	1	2633
2.32014628611105	1	2634
1.64345267648619	1	2635
1.79239168949825	0	2636
2.60097289568675	2	2637
1.5910646070265	1	2638
2.61384182187607	1	2639
1.9912260756925	0	2640
2.04921802267018	1	2641
2.41161970596323	1	2642
1.98227123303957	0	2643
1.85733249643127	0	2644
1.51851393987789	1	2645
2.73158876518674	1.58496250072116	2646
2.60852603357719	1	2647
2.73239375982297	1	2648
2.45178643552429	0	2649
2.32633586092875	1	2650
2.28780172993023	1	2651
2.53402610605614	1	2652
2.34439227368511	0	2653
1.65321251377534	1	2654
3.23854788768133	1.58496250072116	2655
2.65127801399814	1	2656
2.5705429398819	2	2657
2.42324587393681	1	2658
2.87909587950007	1	2659
2.65991620006985	1	2660
2.40312052117582	1	2661
2.48572142648158	1	2662
2.45484486000851	1	2663
2.05307844348342	2	2664
2.45331834004704	1.58496250072116	2665
1.75587485567249	1	2666
2.44404479591808	1	2667
1.44715803134222	0	2668
1.80617997398389	0	2669
1.98677173426624	1	2670
2.09691001300806	0	2671
3.06258198422816	2	2672
3.8117760216029	2.58496250072116	2673
2.47275644931721	1	2674
2.29225607135648	0	2675
1.47712125471966	0	2676
2.25527250510331	0	2677
1.47712125471966	0	2678
2.83122969386706	1	2679
2.33445375115093	1	2680
2.93951925261862	2	2681
2.33445375115093	1	2682
2.24797326636181	1	2683
2.14612803567824	0	2684
1.92427928606188	0	2685
2.92427928606188	1.58496250072116	2686
3.01911629044707	0	2687
2.56584781867352	0	2688
1.86332286012046	0	2689
2.02530586526477	1	2690
2.05307844348342	0	2691
2.03742649794062	0	2692
2.6414741105041	1	2693
2.10037054511756	1	2694
1.5910646070265	0	2695
1.92427928606188	0	2696
2	1	2697
2.61909333062674	1	2698
1.7481880270062	0	2699
1.80617997398389	0	2700
1.90308998699194	1	2701
1.5910646070265	1	2702
2.91169015875386	1	2703
1.81291335664286	0	2704
2.05690485133647	0	2705
1.82607480270083	0	2706
2.14612803567824	1	2707
1.85125834871908	0	2708
2.45331834004704	1	2709
3.15106325335375	1.58496250072116	2710
1.74036268949424	0	2711
1.7160033436348	0	2712
1.88081359228079	0	2713
1.98227123303957	1.58496250072116	2714
2.16136800223497	1	2715
1.81291335664286	0	2716
1.79239168949825	0	2717
2.41995574848976	0	2718
2.48429983934679	0	2719
2.61278385671974	1	2720
2.80888586735981	1	2721
2.2380461031288	0	2722
2.10720996964787	0	2723
2.82607480270083	1	2724
2.47567118832443	1	2725
1.60205999132796	1	2726
1.68124123737559	0	2727
2.32837960343874	0	2728
1.39794000867204	0	2729
1.32221929473392	0	2730
2.05690485133647	0	2731
1.27875360095283	0	2732
2.39269695325967	0	2733
3.16672605558005	1.58496250072116	2734
2.86093662070009	2	2735
0.845098040014257	0	2736
2.89042101880091	0	2737
2.53019969820308	1	2738
1.76342799356294	1	2739
1.7160033436348	1	2740
1.79239168949825	0	2741
2.49554433754645	0	2742
2.32837960343874	0	2743
1.93951925261862	1	2744
2.0899051114394	0	2745
1.36172783601759	1	2746
2.24797326636181	0	2747
2.48713837547719	0	2748
1.89209460269048	0	2749
1.96378782734556	0	2750
1.69897000433602	0	2751
2.25042000230889	1	2752
2.44090908206522	1	2753
2.05690485133647	1	2754
3.13033376849501	2	2755
2.30319605742049	1	2756
1.79934054945358	1	2757
1.76342799356294	0	2758
1.74036268949424	0	2759
2.19033169817029	0	2760
2.95808584852109	1.58496250072116	2761
1.80617997398389	1	2762
2.33041377334919	1	2763
1.94939000664491	0	2764
1.49136169383427	2	2765
2.15533603746506	1	2766
2.25767857486918	1	2767
1.96378782734556	1	2768
1.90308998699194	0	2769
1.50514997831991	0	2770
1.61278385671974	1	2771
2.49276038902684	0	2772
2.62634036737504	0	2773
1.57978359661681	0	2774
2.53529412004277	1	2775
2.3384564936046	0	2776
1.90308998699194	0	2777
2.26481782300954	1	2778
1.51851393987789	0	2779
2.10037054511756	1	2780
2.90848501887865	1	2781
2.10720996964787	0	2782
1.86332286012046	2	2783
1.53147891704226	0	2784
1.47712125471966	0	2785
3.18836592606315	1.58496250072116	2786
2.51454775266029	1	2787
2.83058866868514	2	2788
1.74036268949424	1	2789
2.25767857486918	0	2790
2.37839790094814	1.58496250072116	2791
2.33645973384853	0	2792
1.7481880270062	0	2793
2.31806333496276	1	2794
2.04921802267018	1	2795
1.96378782734556	1	2796
2.07188200730613	1	2797
2.73639650227664	1	2798
1.43136376415899	0	2799
2.2718416065365	1	2800
1.70757017609794	0	2801
2.5327543789925	0	2802
2.11394335230684	1.58496250072116	2803
1.43136376415899	0	2804
2.96189547366785	1	2805
1.90308998699194	1	2806
1.83884909073726	1	2807
1.14612803567824	0	2808
3.62797998982998	2.58496250072116	2809
2.3747483460101	0	2810
2.54900326202579	1	2811
1.95424250943932	0	2812
1.77085201164214	1	2813
1.90308998699194	1	2814
2.05307844348342	0	2815
2.54654266347813	0	2816
3.72689014074182	2.8073549220576	2817
2.09691001300806	1	2818
1.30102999566398	0	2819
1.54406804435028	1.58496250072116	2820
1.91907809237607	1	2821
1.34242268082221	0	2822
2.20411998265593	1	2823
2.63346845557959	1	2824
2.37657695705651	1	2825
1.73239375982297	0	2826
1.99563519459755	1	2827
1.8750612633917	0	2828
2.4456042032736	1	2829
2.65513843481138	1	2830
2.90687353472207	1.58496250072116	2831
2.23299611039215	1	2832
1.38021124171161	1	2833
3.53415307418506	2.32192809488736	2834
2.13987908640124	1	2835
2.59879050676312	1.58496250072116	2836
1.89762709129044	1	2837
1.92427928606188	1.58496250072116	2838
2.31597034545692	1	2839
3.0362295440863	1.58496250072116	2840
2.04139268515823	0	2841
1.84509804001426	0	2842
2.27875360095283	1.58496250072116	2843
1.74036268949424	0	2844
2.28555730900777	1	2845
1.50514997831991	1	2846
2.16136800223497	1	2847
1.69019608002851	0	2848
1.77815125038364	1	2849
1.86923171973098	0	2850
2.24303804868629	0	2851
2.40483371661994	0	2852
1.94448267215017	0	2853
2.6570558528571	2	2854
1.90848501887865	1.58496250072116	2855
2.09691001300806	1.58496250072116	2856
2.11727129565576	0	2857
1.14612803567824	0	2858
2.00860017176192	0	2859
2.12057393120585	0	2860
3.33021078457153	2	2861
2.26951294421792	1	2862
2.64246452024212	1	2863
2.36735592102602	0	2864
3.04960561259497	1	2865
2.57863920996807	0	2866
2.38916608436453	0	2867
2.74429298312268	1	2868
1.83250891270624	0	2869
3.14705767102836	1.58496250072116	2870
2.01283722470517	0	2871
2.07188200730613	1	2872
1.70757017609794	0	2873
1.64345267648619	0	2874
1.69897000433602	0	2875
2.01283722470517	0	2876
2.80821097292422	1.58496250072116	2877
3.01029995663981	1	2878
2.1430148002541	2	2879
2.89817648349768	1.58496250072116	2880
1.14612803567824	0	2881
1.92427928606188	1	2882
2.11727129565576	1	2883
3.31993843998031	2.58496250072116	2884
2.60097289568675	1	2885
3.39532639306935	2	2886
2.07918124604762	0	2887
1.23044892137827	0	2888
1.72427586960079	1	2889
1.72427586960079	0	2890
2.67394199863409	1	2891
2.4996870826184	1	2892
2.27415784926368	0	2893
2.42813479402879	0	2894
2.5854607295085	1	2895
2.15228834438306	0	2896
3.78197067391255	2.8073549220576	2897
1.66275783168157	0	2898
2.06445798922692	1	2899
2.26951294421792	1.58496250072116	2900
1.85125834871908	0	2901
1.74036268949424	0	2902
2.03742649794062	1	2903
1.95904139232109	0	2904
2.8842287696326	1.58496250072116	2905
1.11394335230684	0	2906
2.2380461031288	0	2907
1.95424250943932	2	2908
2.2380461031288	0	2909
2.00860017176192	0	2910
2.06069784035361	0	2911
1.94448267215017	0	2912
2.66931688056611	0	2913
2.34635297445064	1	2914
2.32221929473392	1	2915
2.9912260756925	1.58496250072116	2916
1.93951925261862	1	2917
1.57978359661681	1	2918
1.47712125471966	0	2919
2.12057393120585	0	2920
2.58658730467176	1	2921
1.50514997831991	1	2922
2.02938377768521	1	2923
1.72427586960079	0	2924
1.86332286012046	0	2925
1.95904139232109	0	2926
1.76342799356294	0	2927
1.9912260756925	1.58496250072116	2928
2.10720996964787	1	2929
1.92427928606188	0	2930
2.01703333929878	0	2931
1.91381385238372	0	2932
1.5910646070265	1	2933
2.40483371661994	1	2934
2.68663626926229	2	2935
1.55630250076729	0	2936
2.40823996531185	1.58496250072116	2937
1.49136169383427	1	2938
1.95904139232109	1	2939
1.97772360528885	1	2940
2.44404479591808	1	2941
2.80753502806885	1	2942
3.12287092286444	1.58496250072116	2943
1.80617997398389	0	2944
1.64345267648619	1	2945
2.82801506422398	0	2946
2.22530928172586	2	2947
2.08278537031645	0	2948
2.04139268515823	1	2949
1.27875360095283	0	2950
1.14612803567824	0	2951
2.07554696139253	0	2952
2.49415459401844	0	2953
2.11727129565576	0	2954
2.43296929087441	0	2955
1.67209785793572	0	2956
2.36921585741014	0	2957
2.65801139665711	1	2958
1.83884909073726	0	2959
2.35024801833416	1	2960
2.22271647114758	1	2961
0.903089986991944	0	2962
2.37291200297011	1.58496250072116	2963
1.92941892571429	1	2964
2.32428245529769	0	2965
1.38021124171161	0	2966
1.72427586960079	1	2967
2.3096301674259	0	2968
2.46982201597816	1	2969
1.6232492903979	0	2970
2.06069784035361	0	2971
2.69635638873333	2	2972
1.44715803134222	0	2973
2.04921802267018	1	2974
2.34635297445064	0	2975
1.67209785793572	0	2976
1.43136376415899	0	2977
2.86746748785905	1	2978
2.37291200297011	0	2979
2.33243845991561	1	2980
1.9731278535997	1	2981
