fill	x	y	xmin	xmax	ymin	ymax
#EFECF6	16980	24	16955	17005	-1	49
#FBF6F5	17030	24	17005	17055	-1	49
#F4E6E4	17030	74	17005	17055	49	99
#F5F3F9	17080	74	17055	17105	49	99
#FBF5F5	17080	124	17055	17105	99	149
#F6F4FA	17130	124	17105	17155	99	149
#FFFEFE	17130	174	17105	17155	149	199
#F9F1F0	17180	174	17155	17205	149	199
#E4C5C1	17180	224	17155	17205	199	249
#DFBCB7	17230	224	17205	17255	199	249
#CA948D	17230	274	17205	17255	249	299
#C68D86	17280	274	17255	17305	249	299
#C9938C	17280	324	17255	17305	299	349
#D9AFAA	17330	324	17305	17355	299	349
#F9F8FC	17330	374	17305	17355	349	399
#FAFAFC	17380	374	17355	17405	349	399
#E4E1F1	17380	424	17355	17405	399	449
#EDEAF5	17430	424	17405	17455	399	449
#F8F0EF	17430	474	17405	17455	449	499
#F2E1DF	17480	474	17455	17505	449	499
#F4F2F9	17480	524	17455	17505	499	549
#CAC3E2	17530	524	17505	17555	499	549
#C8C1E1	17530	574	17505	17555	549	599
#CDC7E4	17580	574	17555	17605	549	599
#C9C2E2	17580	624	17555	17605	599	649
#CEC8E5	17630	624	17605	17655	599	649
#B8AFD8	17630	674	17605	17655	649	699
#D5CFE8	17680	674	17655	17705	649	699
#DBD6EB	17680	724	17655	17705	699	749
#D4CFE8	17730	724	17705	17755	699	749
#C9C2E2	17730	774	17705	17755	749	799
#ECE9F4	17780	774	17755	17805	749	799
#FAF3F2	17780	824	17755	17805	799	849
#FCF8F8	17830	824	17805	17855	799	849
#D3CDE7	17830	874	17805	17855	849	899
#DEDAED	17880	874	17855	17905	849	899
#F1EFF7	17880	924	17855	17905	899	949
#DED9ED	17930	924	17905	17955	899	949
#DCD7EC	17930	974	17905	17955	949	999
#9D93CA	17980	974	17955	18005	949	999
#968BC6	17980	1024	17955	18005	999	1049
#8A80C0	18030	1024	18005	18055	999	1049
#897FBF	18030	1074	18005	18055	1049	1099
#988EC7	18080	1074	18055	18105	1049	1099
#C9C2E2	18080	1124	18055	18105	1099	1149
#B5ACD6	18130	1124	18105	18155	1099	1149
#BBB2DA	18130	1174	18105	18155	1149	1199
#9E94CA	18180	1174	18155	18205	1149	1199
#8A7FBF	18180	1224	18155	18205	1199	1249
#786EB6	18230	1224	18205	18255	1199	1249
#6960AE	18230	1274	18205	18255	1249	1299
#897EBF	18280	1274	18255	18305	1249	1299
#5A52A6	18280	1324	18255	18305	1299	1349
#8B80C0	18330	1324	18305	18355	1299	1349
#9388C4	18330	1374	18305	18355	1349	1399
#9187C3	18380	1374	18355	18405	1349	1399
#B6AED7	18380	1424	18355	18405	1399	1449
#A096CB	18430	1424	18405	18455	1399	1449
#978DC6	18430	1474	18405	18455	1449	1499
#FBFAFD	17080	24	17055	17105	-1	49
#FEFDFC	17180	124	17155	17205	99	149
#D9AFA9	17280	224	17255	17305	199	249
#F2E1DF	17380	324	17355	17405	299	349
#ECD5D2	17480	424	17455	17505	399	449
#F7F5FA	17580	524	17555	17605	499	549
#FDFDFE	17680	624	17655	17705	599	649
#EDEAF5	17780	724	17755	17805	699	749
#EDEAF5	17880	824	17855	17905	799	849
#CCC5E3	17980	924	17955	18005	899	949
#A59BCE	18080	1024	18055	18105	999	1049
#C4BCDF	18180	1124	18155	18205	1099	1149
#8C82C1	18380	1324	18355	18405	1299	1349
#E6E2F1	17130	74	17105	17155	49	99
#F0DEDC	17230	174	17205	17255	149	199
#CF9D97	17330	274	17305	17355	249	299
#F5E7E6	17430	374	17405	17455	349	399
#F4F2F9	17530	474	17505	17555	449	499
#E2DEEF	17630	574	17605	17655	549	599
#F1E0DD	17830	774	17805	17855	749	799
#EEECF6	17930	874	17905	17955	849	899
#9F95CB	18030	974	18005	18055	949	999
#CFC9E5	18130	1074	18105	18155	1049	1099
#B9B1D9	18230	1174	18205	18255	1149	1199
#9A8FC8	18280	1224	18255	18305	1199	1249
#8176BA	18330	1274	18305	18355	1249	1299
#AFA6D3	18430	1374	18405	18455	1349	1399
#ECE9F4	17730	674	17705	17755	649	699
#A79DCF	18480	1424	18455	18505	1399	1449
#EAE7F4	17130	24	17105	17155	-1	49
#FAF9FC	17180	74	17155	17205	49	99
#FBF6F5	17230	124	17205	17255	99	149
#ECD4D1	17280	174	17255	17305	149	199
#D5A8A2	17330	224	17305	17355	199	249
#DFBBB6	17380	274	17355	17405	249	299
#E5C7C3	17430	324	17405	17455	299	349
#F2E2E0	17480	374	17455	17505	349	399
#F1DFDC	17530	424	17505	17555	399	449
#FCF8F7	17580	474	17555	17605	449	499
#FDFDFE	17630	524	17605	17655	499	549
#FBF5F4	17680	574	17655	17705	549	599
#FAFAFD	17730	624	17705	17755	599	649
#F5F4FA	17780	674	17755	17805	649	699
#FFFFFF	17830	724	17805	17855	699	749
#FBF5F4	17880	774	17855	17905	749	799
#E7E4F2	17930	824	17905	17955	799	849
#D6D0E9	17980	874	17955	18005	849	899
#ACA3D2	18030	924	18005	18055	899	949
#AAA1D1	18080	974	18055	18105	949	999
#BEB6DB	18130	1024	18105	18155	999	1049
#D4CEE7	18180	1074	18155	18205	1049	1099
#D0CAE6	18230	1124	18205	18255	1099	1149
#AFA5D3	18280	1174	18255	18305	1149	1199
#B7AED8	18330	1224	18305	18355	1199	1249
#978DC6	18380	1274	18355	18405	1249	1299
#968CC6	18430	1324	18405	18455	1299	1349
#AEA5D3	18480	1374	18455	18505	1349	1399
#F8F0EF	17180	24	17155	17205	-1	49
#FBF6F5	17280	124	17255	17305	99	149
#DDB7B2	17380	224	17355	17405	199	249
#ECD6D3	17480	324	17455	17505	299	349
#FBFBFD	17580	424	17555	17605	399	449
#FFFEFF	17680	524	17655	17705	499	549
#F5F4FA	17780	624	17755	17805	599	649
#F6EAE8	17880	724	17855	17905	699	749
#E1DDEF	17980	824	17955	18005	799	849
#A59CCE	18080	924	18055	18105	899	949
#CEC7E4	18180	1024	18155	18205	999	1049
#C5BEDF	18280	1124	18255	18305	1099	1149
#988EC7	18380	1224	18355	18405	1199	1249
#A298CC	18480	1324	18455	18505	1299	1349
#FBF6F5	17230	74	17205	17255	49	99
#E9CECA	17330	174	17305	17355	149	199
#EFDBD8	17430	274	17405	17455	249	299
#F2E2DF	17530	374	17505	17555	349	399
#F7EDEC	17630	474	17605	17655	449	499
#F1E0DE	17730	574	17705	17755	549	599
#F8F8FB	17830	674	17805	17855	649	699
#E8E5F3	17930	774	17905	17955	749	799
#C1BADE	18030	874	18005	18055	849	899
#B1A8D5	18130	974	18105	18155	949	999
#CDC6E4	18230	1074	18205	18255	1049	1099
#ACA3D2	18330	1174	18305	18355	1149	1199
#8A80C0	18430	1274	18405	18455	1249	1299
#A399CD	18530	1374	18505	18555	1349	1399
#F5F3F9	17230	24	17205	17255	-1	49
#F3F1F8	17280	74	17255	17305	49	99
#FCF8F7	17330	124	17305	17355	99	149
#E1BEBA	17380	174	17355	17405	149	199
#EBD3CF	17430	224	17405	17455	199	249
#F0DDDB	17480	274	17455	17505	249	299
#FDFAFA	17530	324	17505	17555	299	349
#EFDCD9	17580	374	17555	17605	349	399
#FBFAFD	17630	424	17605	17655	399	449
#FEFEFE	17680	474	17655	17705	449	499
#FBFBFD	17730	524	17705	17755	499	549
#EDEBF5	17780	574	17755	17805	549	599
#F3F1F9	17830	624	17805	17855	599	649
#F7F5FA	17880	674	17855	17905	649	699
#FAF4F4	17930	724	17905	17955	699	749
#E8E5F3	17980	774	17955	18005	749	799
#DAD6EB	18030	824	18005	18055	799	849
#A89ECF	18080	874	18055	18105	849	899
#9E94CA	18130	924	18105	18155	899	949
#B7AFD8	18180	974	18155	18205	949	999
#C9C2E2	18230	1024	18205	18255	999	1049
#C3BBDE	18280	1074	18255	18305	1049	1099
#9A90C8	18330	1124	18305	18355	1099	1149
#ABA2D2	18380	1174	18355	18405	1149	1199
#8F85C2	18430	1224	18405	18455	1199	1249
#877CBE	18480	1274	18455	18505	1249	1299
#A69CCE	18530	1324	18505	18555	1299	1349
#FBF6F5	17280	24	17255	17305	-1	49
#F5E9E8	17380	124	17355	17405	99	149
#FBF6F5	17480	224	17455	17505	199	249
#F5E8E6	17580	324	17555	17605	299	349
#FEFEFF	17680	424	17655	17705	399	449
#FEFDFD	17780	524	17755	17805	499	549
#F1EFF7	17880	624	17855	17905	599	649
#E1DDEF	17980	724	17955	18005	699	749
#CEC7E4	18080	824	18055	18105	799	849
#A89FD0	18180	924	18155	18205	899	949
#C6BFE0	18280	1024	18255	18305	999	1049
#9A90C8	18380	1124	18355	18405	1099	1149
#887DBE	18480	1224	18455	18505	1199	1249
#F4F3F9	17330	74	17305	17355	49	99
#E7CBC8	17430	174	17405	17455	149	199
#F5E9E7	17530	274	17505	17555	249	299
#FFFEFE	17630	374	17605	17655	349	399
#FDFDFE	17730	474	17705	17755	449	499
#F7F6FB	17830	574	17805	17855	549	599
#F7EEEC	17930	674	17905	17955	649	699
#EFEDF6	18030	774	18005	18055	749	799
#A59BCE	18130	874	18105	18155	849	899
#D1CBE6	18230	974	18205	18255	949	999
#B2A9D5	18330	1074	18305	18355	1049	1099
#8B80C0	18430	1174	18405	18455	1149	1199
#A69CCF	18530	1274	18505	18555	1249	1299
#968BC6	18580	1324	18555	18605	1299	1349
#FAF9FC	17330	24	17305	17355	-1	49
#F8F0EF	17380	74	17355	17405	49	99
#D1A09A	17430	124	17405	17455	99	149
#E6C9C5	17480	174	17455	17505	149	199
#D2CCE6	17530	224	17505	17555	199	249
#F7F6FB	17580	274	17555	17605	249	299
#CE9C96	17630	324	17605	17655	299	349
#DEDAED	17680	374	17655	17705	349	399
#F2E2DF	17730	424	17705	17755	399	449
#C9C2E2	17780	474	17755	17805	449	499
#EDEAF5	17830	524	17805	17855	499	549
#FCF9F9	17880	574	17855	17905	549	599
#F4F2F9	17930	624	17905	17955	599	649
#EED9D7	17980	674	17955	18005	649	699
#FCF8F7	18030	724	18005	18055	699	749
#FBF5F4	18080	774	18055	18105	749	799
#CCC5E3	18130	824	18105	18155	799	849
#978DC6	18180	874	18155	18205	849	899
#A89ED0	18230	924	18205	18255	899	949
#BFB7DC	18280	974	18255	18305	949	999
#9086C3	18330	1024	18305	18355	999	1049
#9086C3	18380	1074	18355	18405	1049	1099
#4B469F	18430	1124	18405	18455	1099	1149
#AAA0D1	18480	1174	18455	18505	1149	1199
#968CC6	18530	1224	18505	18555	1199	1249
#B0A7D4	18580	1274	18555	18605	1249	1299
#FEFDFC	17380	24	17355	17405	-1	49
#F3E4E2	17480	124	17455	17505	99	149
#FCF7F7	17580	224	17555	17605	199	249
#F9F2F1	17680	324	17655	17705	299	349
#F4F2F9	17780	424	17755	17805	399	449
#E5E2F1	17880	524	17855	17905	499	549
#F6EBE9	17980	624	17955	18005	599	649
#F8F7FB	18080	724	18055	18105	699	749
#A399CD	18180	824	18155	18205	799	849
#D4CFE8	18280	924	18255	18305	899	949
#8177BB	18480	1124	18455	18505	1099	1149
#A89ED0	18580	1224	18555	18605	1199	1249
#FAF3F2	17430	74	17405	17455	49	99
#F1F0F8	17530	174	17505	17555	149	199
#F2E2DF	17630	274	17605	17655	249	299
#F5F4FA	17730	374	17705	17755	349	399
#F9F8FC	17830	474	17805	17855	449	499
#E2DEEF	17930	574	17905	17955	549	599
#E5E1F1	18030	674	18005	18055	649	699
#A69CCF	18230	874	18205	18255	849	899
#AEA5D3	18380	1024	18355	18405	999	1049
#9388C4	18430	1074	18405	18455	1049	1099
#7B71B7	18530	1174	18505	18555	1149	1199
#DAD4EB	18130	774	18105	18155	749	799
#C4BCDF	18330	974	18305	18355	949	999
#887DBE	18630	1274	18605	18655	1249	1299
#FEFEFF	17430	24	17405	17455	-1	49
#F0DEDC	17480	74	17455	17505	49	99
#F2F0F8	17530	124	17505	17555	99	149
#FCF9F8	17580	174	17555	17605	149	199
#FAF3F3	17630	224	17605	17655	199	249
#DEB9B4	17680	274	17655	17705	249	299
#FDF9F9	17730	324	17705	17755	299	349
#FEFEFF	17780	374	17755	17805	349	399
#FCFCFD	17830	424	17805	17855	399	449
#E8E4F2	17880	474	17855	17905	449	499
#E5E1F1	17930	524	17905	17955	499	549
#F3F1F8	17980	574	17955	18005	549	599
#F3E4E2	18030	624	18005	18055	599	649
#FCFBFD	18080	674	18055	18105	649	699
#F1EFF7	18130	724	18105	18155	699	749
#BDB5DB	18180	774	18155	18205	749	799
#ADA4D3	18230	824	18205	18255	799	849
#C1B9DD	18280	874	18255	18305	849	899
#C8C1E1	18330	924	18305	18355	899	949
#C0B8DD	18380	974	18355	18405	949	999
#A096CB	18430	1024	18405	18455	999	1049
#B0A7D4	18480	1074	18455	18505	1049	1099
#8C81C0	18530	1124	18505	18555	1099	1149
#8176BA	18580	1174	18555	18605	1149	1199
#9D93CA	18630	1224	18605	18655	1199	1249
#F4F2F9	17480	24	17455	17505	-1	49
#EBE8F4	17580	124	17555	17605	99	149
#EFDBD8	17680	224	17655	17705	199	249
#ECD4D1	17780	324	17755	17805	299	349
#EBD4D1	17880	424	17855	17905	399	449
#EFEDF6	17980	524	17955	18005	499	549
#FAFAFC	18080	624	18055	18105	599	649
#DAD5EB	18180	724	18155	18205	699	749
#C8C1E1	18280	824	18255	18305	799	849
#C7C0E0	18380	924	18355	18405	899	949
#B6AED7	18480	1024	18455	18505	999	1049
#7D73B9	18580	1124	18555	18605	1099	1149
#FDFCFE	17530	74	17505	17555	49	99
#E9CECB	17630	174	17605	17655	149	199
#F2E1DE	17730	274	17705	17755	249	299
#FEFCFC	17830	374	17805	17855	349	399
#E8E5F3	17930	474	17905	17955	449	499
#FBF7F6	18030	574	18005	18055	549	599
#F1EFF7	18130	674	18105	18155	649	699
#BEB6DB	18230	774	18205	18255	749	799
#C1B9DD	18430	974	18405	18455	949	999
#998FC8	18530	1074	18505	18555	1049	1099
#9E93CA	18630	1174	18605	18655	1149	1199
#D3CDE7	18330	874	18305	18355	849	899
#9489C5	18680	1224	18655	18705	1199	1249
#F5E9E7	17530	24	17505	17555	-1	49
#F5F4FA	17580	74	17555	17605	49	99
#D2A29D	17630	124	17605	17655	99	149
#E4C4C0	17680	174	17655	17705	149	199
#F1E0DE	17730	224	17705	17755	199	249
#D5A7A1	17780	274	17755	17805	249	299
#F0DDDA	17830	324	17805	17855	299	349
#CD9993	17880	374	17855	17905	349	399
#F2E2E0	17930	424	17905	17955	399	449
#F6F5FA	17980	474	17955	18005	449	499
#F5E7E6	18030	524	18005	18055	499	549
#FCFBFD	18080	574	18055	18105	549	599
#E4E0F0	18130	624	18105	18155	599	649
#CCC6E3	18180	674	18155	18205	649	699
#CDC7E4	18230	724	18205	18255	699	749
#E7E3F2	18280	774	18255	18305	749	799
#D8D3EA	18330	824	18305	18355	799	849
#E1DDEF	18380	874	18355	18405	849	899
#FBF7F6	18430	924	18405	18455	899	949
#D4CEE8	18480	974	18455	18505	949	999
#F1EFF7	18530	1024	18505	18555	999	1049
#958AC5	18580	1074	18555	18605	1049	1099
#998FC8	18630	1124	18605	18655	1099	1149
#ADA4D2	18680	1174	18655	18705	1149	1199
#FCFBFD	17580	24	17555	17605	-1	49
#C48A83	17680	124	17655	17705	99	149
#EDD8D5	17780	224	17755	17805	199	249
#D9AFA9	17880	324	17855	17905	299	349
#F2E1DF	17980	424	17955	18005	399	449
#FCF8F7	18080	524	18055	18105	499	549
#D4CFE8	18180	624	18155	18205	599	649
#F3F1F8	18280	724	18255	18305	699	749
#DBD6EC	18380	824	18355	18405	799	849
#FAF4F4	18480	924	18455	18505	899	949
#C9C2E2	18580	1024	18555	18605	999	1049
#9288C4	18680	1124	18655	18705	1099	1149
#EBD2CF	17630	74	17605	17655	49	99
#E9CFCB	17730	174	17705	17755	149	199
#BB7A73	17830	274	17805	17855	249	299
#BC7D76	17930	374	17905	17955	349	399
#E8CCC8	18030	474	18005	18055	449	499
#F5E7E5	18130	574	18105	18155	549	599
#D8D3EA	18230	674	18205	18255	649	699
#FAF3F2	18330	774	18305	18355	749	799
#E3E0F0	18430	874	18405	18455	849	899
#F2F1F8	18530	974	18505	18555	949	999
#9F95CB	18630	1074	18605	18655	1049	1099
#E3DFF0	18730	1174	18705	18755	1149	1199
#F7F5FA	17630	24	17605	17655	-1	49
#D1A09A	17680	74	17655	17705	49	99
#E5C7C3	17730	124	17705	17755	99	149
#F4E6E5	17780	174	17755	17805	149	199
#D2A29C	17830	224	17805	17855	199	249
#E5C7C3	17880	274	17855	17905	249	299
#D09F99	17930	324	17905	17955	299	349
#F0DDDA	17980	374	17955	18005	349	399
#F4E5E4	18030	424	18005	18055	399	449
#EED8D5	18080	474	18055	18105	449	499
#FDFDFE	18130	524	18105	18155	499	549
#EAE7F4	18180	574	18155	18205	549	599
#DCD7EC	18230	624	18205	18255	599	649
#E6E3F2	18280	674	18255	18305	649	699
#F1EFF7	18330	724	18305	18355	699	749
#ECE9F4	18380	774	18355	18405	749	799
#EBE8F4	18430	824	18405	18455	799	849
#F8F0EF	18480	874	18455	18505	849	899
#DDD8EC	18530	924	18505	18555	899	949
#F3F1F8	18580	974	18555	18605	949	999
#A59CCE	18630	1024	18605	18655	999	1049
#A399CD	18680	1074	18655	18705	1049	1099
#BBB3DA	18730	1124	18705	18755	1099	1149
#F5E8E6	17680	24	17655	17705	-1	49
#F7EDEC	17780	124	17755	17805	99	149
#D6A9A3	17880	224	17855	17905	199	249
#D1A09A	17980	324	17955	18005	299	349
#EDD7D4	18080	424	18055	18105	399	449
#FFFEFE	18180	524	18155	18205	499	549
#E5E1F1	18280	624	18255	18305	599	649
#EEECF6	18380	724	18355	18405	699	749
#C4BCDF	18480	824	18455	18505	799	849
#978DC6	18680	1024	18655	18705	999	1049
#E0BEB9	17730	74	17705	17755	49	99
#F7EDEC	17830	174	17805	17855	149	199
#EBD4D1	17930	274	17905	17955	249	299
#EED8D5	18030	374	18005	18055	349	399
#FDFBFB	18130	474	18105	18155	449	499
#E5E2F1	18230	574	18205	18255	549	599
#E2DEEF	18330	674	18305	18355	649	699
#D1CBE6	18430	774	18405	18455	749	799
#E6E2F1	18530	874	18505	18555	849	899
#D9D4EA	18580	924	18555	18605	899	949
#B0A7D4	18630	974	18605	18655	949	999
#9D92C9	18730	1074	18705	18755	1049	1099
#B8AFD8	18780	1124	18755	18805	1099	1149
#E9CFCB	17730	24	17705	17755	-1	49
#FEFDFD	17780	74	17755	17805	49	99
#E5C7C3	17830	124	17805	17855	99	149
#F7F6FB	17880	174	17855	17905	149	199
#ECD6D3	17930	224	17905	17955	199	249
#F3E4E2	17980	274	17955	18005	249	299
#FAF3F2	18030	324	18005	18055	299	349
#E5C6C2	18080	374	18055	18105	349	399
#F2E3E1	18130	424	18105	18155	399	449
#F6E9E8	18180	474	18155	18205	449	499
#F9F2F1	18230	524	18205	18255	499	549
#F8EFED	18280	574	18255	18305	549	599
#E4E0F0	18330	624	18305	18355	599	649
#CAC3E2	18380	674	18355	18405	649	699
#C4BCDF	18430	724	18405	18455	699	749
#B9B0D9	18480	774	18455	18505	749	799
#ADA4D2	18530	824	18505	18555	799	849
#9288C4	18580	874	18555	18605	849	899
#978DC6	18630	924	18605	18655	899	949
#A59BCE	18680	974	18655	18705	949	999
#988DC7	18730	1024	18705	18755	999	1049
#A49BCE	18780	1074	18755	18805	1049	1099
#FDFDFE	17780	24	17755	17805	-1	49
#DFBBB6	17880	124	17855	17905	99	149
#E8CDCA	17980	224	17955	18005	199	249
#DBB4AF	18080	324	18055	18105	299	349
#D6AAA5	18180	424	18155	18205	399	449
#C58B84	18280	524	18255	18305	499	549
#DEDAED	18380	624	18355	18405	599	649
#FCF7F7	18480	724	18455	18505	699	749
#655CAC	18580	824	18555	18605	799	849
#7A6FB7	18680	924	18655	18705	899	949
#FEFEFE	18780	1024	18755	18805	999	1049
#F8EFED	17830	74	17805	17855	49	99
#DDD8EC	17930	174	17905	17955	149	199
#BEB6DB	18030	274	18005	18055	249	299
#EFDAD8	18130	374	18105	18155	349	399
#FEFCFC	18230	474	18205	18255	449	499
#CB9690	18330	574	18305	18355	549	599
#A298CC	18430	674	18405	18455	649	699
#DAD5EB	18530	774	18505	18555	749	799
#3A3A98	18630	874	18605	18655	849	899
#BDB5DB	18730	974	18705	18755	949	999
#998FC7	18830	1074	18805	18855	1049	1099
#E3DFF0	17830	24	17805	17855	-1	49
#D5A7A1	17880	74	17855	17905	49	99
#D5D0E8	17930	124	17905	17955	99	149
#E6C8C4	17980	174	17955	18005	149	199
#E6E2F1	18030	224	18005	18055	199	249
#F9F1F0	18080	274	18055	18105	249	299
#D4A6A1	18130	324	18105	18155	299	349
#EBD2CF	18180	374	18155	18205	349	399
#D1A19B	18230	424	18205	18255	399	449
#D9AEA9	18280	474	18255	18305	449	499
#CD9892	18330	524	18305	18355	499	549
#F1E1DE	18380	574	18355	18405	549	599
#D2CCE6	18430	624	18405	18455	599	649
#CDC7E4	18480	674	18455	18505	649	699
#D6D1E9	18530	724	18505	18555	699	749
#887EBE	18580	774	18555	18605	749	799
#8F85C2	18630	824	18605	18655	799	849
#3C3B99	18680	874	18655	18705	849	899
#C4BCDF	18730	924	18705	18755	899	949
#BCB3DA	18780	974	18755	18805	949	999
#C7C0E0	18830	1024	18805	18855	999	1049
#F9F2F1	17880	24	17855	17905	-1	49
#E6E2F1	17980	124	17955	18005	99	149
#FFFEFE	18080	224	18055	18105	199	249
#EED9D6	18180	324	18155	18205	299	349
#FAF9FC	18280	424	18255	18305	399	449
#EDD7D5	18380	524	18355	18405	499	549
#D1CBE6	18480	624	18455	18505	599	649
#C7BFE0	18580	724	18555	18605	699	749
#8177BB	18680	824	18655	18705	799	849
#ABA2D1	18780	924	18755	18805	899	949
#FAF9FC	17930	74	17905	17955	49	99
#FAF3F2	18030	174	18005	18055	149	199
#E4C5C1	18130	274	18105	18155	249	299
#E4C4C0	18230	374	18205	18255	349	399
#E5C7C3	18330	474	18305	18355	449	499
#E5E1F1	18430	574	18405	18455	549	599
#E6E3F2	18530	674	18505	18555	649	699
#9C92C9	18630	774	18605	18655	749	799
#877CBE	18730	874	18705	18755	849	899
#CEC7E4	18830	974	18805	18855	949	999
#A399CD	18880	1024	18855	18905	999	1049
#F7EDEC	17930	24	17905	17955	-1	49
#EDEAF5	17980	74	17955	18005	49	99
#F8F7FB	18030	124	18005	18055	99	149
#EDD7D4	18080	174	18055	18105	149	199
#F1E0DE	18130	224	18105	18155	199	249
#EAD2CE	18180	274	18155	18205	249	299
#E6C9C5	18230	324	18205	18255	299	349
#F7EDEC	18280	374	18255	18305	349	399
#FFFFFF	18330	424	18305	18355	399	449
#F9F0EF	18380	474	18355	18405	449	499
#FCF9F8	18430	524	18405	18455	499	549
#F6F5FA	18480	574	18455	18505	549	599
#E3DFF0	18530	624	18505	18555	599	649
#D8D2EA	18580	674	18555	18605	649	699
#DDD8EC	18630	724	18605	18655	699	749
#B3ABD6	18680	774	18655	18705	749	799
#C3BCDF	18730	824	18705	18755	799	849
#B4ABD6	18780	874	18755	18805	849	899
#B4ABD6	18830	924	18805	18855	899	949
#C1BADD	18880	974	18855	18905	949	999
#FDFCFE	17980	24	17955	18005	-1	49
#F6EAE9	18080	124	18055	18105	99	149
#E4C4C0	18180	224	18155	18205	199	249
#E5C7C3	18280	324	18255	18305	299	349
#FAF9FC	18380	424	18355	18405	399	449
#F0DDDA	18480	524	18455	18505	499	549
#E9E6F3	18580	624	18555	18605	599	649
#F7ECEA	18680	724	18655	18705	699	749
#C9C2E2	18780	824	18755	18805	799	849
#ABA2D1	18880	924	18855	18905	899	949
#D1A09A	18030	74	18005	18055	49	99
#B16A63	18130	174	18105	18155	149	199
#D09E98	18230	274	18205	18255	249	299
#E8CCC8	18330	374	18305	18355	349	399
#F9F8FC	18430	474	18405	18455	449	499
#E3C3BF	18530	574	18505	18555	549	599
#E2DEEF	18630	674	18605	18655	649	699
#FAF3F3	18730	774	18705	18755	749	799
#B4ACD6	18830	874	18805	18855	849	899
#EFECF6	18930	974	18905	18955	949	999
#E8CCC8	18030	24	18005	18055	-1	49
#E8E4F2	18080	74	18055	18105	49	99
#EBD3CF	18130	124	18105	18155	99	149
#F6EBE9	18180	174	18155	18205	149	199
#EAD0CD	18230	224	18205	18255	199	249
#DFBBB7	18280	274	18255	18305	249	299
#EFDCD9	18330	324	18305	18355	299	349
#F7EDEC	18380	374	18355	18405	349	399
#F8EEED	18430	424	18405	18455	399	449
#FEFCFB	18480	474	18455	18505	449	499
#F9F1F0	18530	524	18505	18555	499	549
#F8F8FB	18580	574	18555	18605	549	599
#ECEAF5	18630	624	18605	18655	599	649
#FDFDFE	18680	674	18655	18705	649	699
#C9C2E2	18730	724	18705	18755	699	749
#F8F7FB	18780	774	18755	18805	749	799
#AEA5D3	18830	824	18805	18855	799	849
#BAB2DA	18880	874	18855	18905	849	899
#C5BEE0	18930	924	18905	18955	899	949
#FAF3F3	18080	24	18055	18105	-1	49
#BBB3DA	18180	124	18155	18205	99	149
#E6C8C5	18280	224	18255	18305	199	249
#F1DFDC	18380	324	18355	18405	299	349
#CA948E	18480	424	18455	18505	399	449
#D1CBE6	18580	524	18555	18605	499	549
#D9D4EA	18680	624	18655	18705	599	649
#897EBF	18780	724	18755	18805	699	749
#CCC5E3	18880	824	18855	18905	799	849
#E8E5F3	18130	74	18105	18155	49	99
#E2C0BB	18230	174	18205	18255	149	199
#D2A29C	18330	274	18305	18355	249	299
#C48A83	18430	374	18405	18455	349	399
#FEFCFC	18530	474	18505	18555	449	499
#FAF4F3	18630	574	18605	18655	549	599
#968BC6	18730	674	18705	18755	649	699
#958BC5	18830	774	18805	18855	749	799
#FFFEFE	18930	874	18905	18955	849	899
#AFA6D3	18980	924	18955	19005	899	949
#EFDBD8	18130	24	18105	18155	-1	49
#ACA2D2	18180	74	18155	18205	49	99
#F1EFF8	18230	124	18205	18255	99	149
#DAB1AC	18280	174	18255	18305	149	199
#E2C1BD	18330	224	18305	18355	199	249
#C8908A	18380	274	18355	18405	249	299
#D1A09A	18430	324	18405	18455	299	349
#C48A83	18480	374	18455	18505	349	399
#ECD4D1	18530	424	18505	18555	399	449
#D9D4EA	18580	474	18555	18605	449	499
#E1DDEF	18630	524	18605	18655	499	549
#E3E0F0	18680	574	18655	18705	549	599
#ACA2D2	18730	624	18705	18755	599	649
#9D93CA	18780	674	18755	18805	649	699
#6E64B0	18830	724	18805	18855	699	749
#DBD6EB	18880	774	18855	18905	749	799
#D7D2E9	18930	824	18905	18955	799	849
#D9D4EA	18980	874	18955	19005	849	899
#D7D2E9	18180	24	18155	18205	-1	49
#EFDAD8	18280	124	18255	18305	99	149
#DAB2AD	18380	224	18355	18405	199	249
#ECD4D1	18480	324	18455	18505	299	349
#F0EEF7	18580	424	18555	18605	399	449
#F0EEF7	18680	524	18655	18705	499	549
#E0DCEE	18780	624	18755	18805	599	649
#B8B0D8	18880	724	18855	18905	699	749
#BEB6DC	18980	824	18955	19005	799	849
#F9F2F1	18230	74	18205	18255	49	99
#E5C7C4	18330	174	18305	18355	149	199
#F0DDDA	18430	274	18405	18455	249	299
#FDFAFA	18530	374	18505	18555	349	399
#F5F4FA	18630	474	18605	18655	449	499
#E6E2F1	18730	574	18705	18755	549	599
#E0DCEE	18830	674	18805	18855	649	699
#ABA2D1	18930	774	18905	18955	749	799
#BEB6DB	19030	874	19005	19055	849	899
#FAF2F1	18230	24	18205	18255	-1	49
#FBFAFD	18280	74	18255	18305	49	99
#E9D0CC	18330	124	18305	18355	99	149
#E9CFCC	18380	174	18355	18405	149	199
#DAB1AC	18430	224	18405	18455	199	249
#E4C4C0	18480	274	18455	18505	249	299
#E4C4BF	18530	324	18505	18555	299	349
#FCFCFE	18580	374	18555	18605	349	399
#E9E5F3	18630	424	18605	18655	399	449
#F3F1F8	18680	474	18655	18705	449	499
#EEECF6	18730	524	18705	18755	499	549
#E6E3F2	18780	574	18755	18805	549	599
#B6AED7	18830	624	18805	18855	599	649
#E7E4F2	18880	674	18855	18905	649	699
#C2BADE	18930	724	18905	18955	699	749
#BAB1D9	18980	774	18955	19005	749	799
#CAC4E2	19030	824	19005	19055	799	849
#FFFFFF	18280	24	18255	18305	-1	49
#FCF9F8	18380	124	18355	18405	99	149
#ECD6D3	18480	224	18455	18505	199	249
#C2867F	18580	324	18555	18605	299	349
#C5BDDF	18680	424	18655	18705	399	449
#FCFBFD	18780	524	18755	18805	499	549
#8C82C1	18880	624	18855	18905	599	649
#E1DDEF	18980	724	18955	19005	699	749
#E9CFCC	18330	74	18305	18355	49	99
#D2A39D	18430	174	18405	18455	149	199
#BE8079	18530	274	18505	18555	249	299
#F1EEF7	18630	374	18605	18655	349	399
#EDD7D4	18730	474	18705	18755	449	499
#AFA6D3	18830	574	18805	18855	549	599
#B4ABD6	18930	674	18905	18955	649	699
#EDD8D5	19030	774	19005	19055	749	799
#CCC5E3	19080	824	19055	19105	799	849
#F2E1DF	18330	24	18305	18355	-1	49
#EED9D6	18380	74	18355	18405	49	99
#F9F8FC	18430	124	18405	18455	99	149
#D4A59F	18480	174	18455	18505	149	199
#C9928C	18530	224	18505	18555	199	249
#B8766F	18580	274	18555	18605	249	299
#E0BCB8	18630	324	18605	18655	299	349
#DBD6EB	18680	374	18655	18705	349	399
#D9D3EA	18730	424	18705	18755	399	449
#D5CFE8	18780	474	18755	18805	449	499
#9186C3	18830	524	18805	18855	499	549
#A49ACD	18880	574	18855	18905	549	599
#413F9B	18930	624	18905	18955	599	649
#FDFBFB	18980	674	18955	19005	649	699
#F4F3F9	19030	724	19005	19055	699	749
#F3F1F9	19080	774	19055	19105	749	799
#F4F2F9	18380	24	18355	18405	-1	49
#FBFAFD	18480	124	18455	18505	99	149
#EBD2CF	18580	224	18555	18605	199	249
#E5E1F1	18680	324	18655	18705	299	349
#FAF9FC	18780	424	18755	18805	399	449
#D6D1E9	18880	524	18855	18905	499	549
#D0CAE5	18980	624	18955	19005	599	649
#E7E4F2	19080	724	19055	19105	699	749
#BCB4DB	18430	74	18405	18455	49	99
#F9F8FC	18530	174	18505	18555	149	199
#EED9D7	18630	274	18605	18655	249	299
#E1DDEF	18730	374	18705	18755	349	399
#EBE8F4	18830	474	18805	18855	449	499
#CDC6E4	18930	574	18905	18955	549	599
#D1CAE6	19030	674	19005	19055	649	699
#CDC7E4	19130	774	19105	19155	749	799
#D8D3EA	18430	24	18405	18455	-1	49
#BDB5DB	18480	74	18455	18505	49	99
#FDFDFE	18530	124	18505	18555	99	149
#F6EBE9	18580	174	18555	18605	149	199
#F2E2E0	18630	224	18605	18655	199	249
#FAF9FC	18680	274	18655	18705	249	299
#F6F5FA	18730	324	18705	18755	299	349
#FBF5F4	18780	374	18755	18805	349	399
#F9F1F0	18830	424	18805	18855	399	449
#F3E4E2	18880	474	18855	18905	449	499
#EBE8F4	18930	524	18905	18955	499	549
#F3E3E1	18980	574	18955	19005	549	599
#E4E0F0	19030	624	19005	19055	599	649
#E0DBEE	19080	674	19055	19105	649	699
#E1DDEF	19130	724	19105	19155	699	749
#F5F4FA	18480	24	18455	18505	-1	49
#F1EFF7	18580	124	18555	18605	99	149
#FCF9F8	18680	224	18655	18705	199	249
#F9F1F0	18780	324	18755	18805	299	349
#F9F0EF	18880	424	18855	18905	399	449
#F6EAE9	18980	524	18955	19005	499	549
#DBD6EB	19080	624	19055	19105	599	649
#DBD6EB	18530	74	18505	18555	49	99
#F9F0EF	18630	174	18605	18655	149	199
#FFFEFE	18730	274	18705	18755	249	299
#FEFDFD	18830	374	18805	18855	349	399
#FBF6F6	18930	474	18905	18955	449	499
#F1EFF7	19030	574	19005	19055	549	599
#E0DCEE	19130	674	19105	19155	649	699
#E3DFF0	19180	724	19155	19205	699	749
#DBD7EC	18530	24	18505	18555	-1	49
#FCF8F7	18580	74	18555	18605	49	99
#F7EDEC	18630	124	18605	18655	99	149
#EAD0CD	18680	174	18655	18705	149	199
#F7EDEC	18730	224	18705	18755	199	249
#F3F1F8	18780	274	18755	18805	249	299
#FEFDFE	18830	324	18805	18855	299	349
#FDFDFE	18880	374	18855	18905	349	399
#F2F0F8	18930	424	18905	18955	399	449
#DDD8ED	18980	474	18955	19005	449	499
#DDD9ED	19030	524	19005	19055	499	549
#F6F4FA	19080	574	19055	19105	549	599
#EAE8F4	19130	624	19105	19155	599	649
#EEEBF6	19180	674	19155	19205	649	699
#FBF5F4	18580	24	18555	18605	-1	49
#F5E7E5	18680	124	18655	18705	99	149
#FCFCFD	18780	224	18755	18805	199	249
#F8F0EF	18880	324	18855	18905	299	349
#E7E4F2	18980	424	18955	19005	399	449
#E7E4F2	19080	524	19055	19105	499	549
#FDFDFE	19180	624	19155	19205	599	649
#FBFBFD	18630	74	18605	18655	49	99
#EED9D6	18730	174	18705	18755	149	199
#F4F2F9	18830	274	18805	18855	249	299
#FEFDFD	18930	374	18905	18955	349	399
#E9E6F3	19030	474	19005	19055	449	499
#E4E0F0	19130	574	19105	19155	549	599
#EAE7F4	19230	674	19205	19255	649	699
#FEFCFC	18630	24	18605	18655	-1	49
#FEFDFD	18680	74	18655	18705	49	99
#F7F6FB	18730	124	18705	18755	99	149
#FAF4F4	18780	174	18755	18805	149	199
#F3E3E1	18830	224	18805	18855	199	249
#F6EBEA	18880	274	18855	18905	249	299
#FFFFFF	18930	324	18905	18955	299	349
#E7CAC6	18980	374	18955	19005	349	399
#F7EEEC	19030	424	19005	19055	399	449
#E9CFCC	19080	474	19055	19105	449	499
#F7F5FA	19130	524	19105	19155	499	549
#F0EDF7	19180	574	19155	19205	549	599
#EFEDF7	19230	624	19205	19255	599	649
#F2E3E1	18680	24	18655	18705	-1	49
#FBF7F6	18780	124	18755	18805	99	149
#E4C5C1	18880	224	18855	18905	199	249
#FEFDFC	18980	324	18955	19005	299	349
#EBD3D0	19080	424	19055	19105	399	449
#FDFCFE	19180	524	19155	19205	499	549
#FBFBFD	18730	74	18705	18755	49	99
#F1E0DD	18830	174	18805	18855	149	199
#FCF8F8	18930	274	18905	18955	249	299
#F1DFDC	19030	374	19005	19055	349	399
#FCF8F8	19130	474	19105	19155	449	499
#EFEDF6	19230	574	19205	19255	549	599
#F9F2F1	19280	624	19255	19305	599	649
#F0DDDA	18730	24	18705	18755	-1	49
#F6EAE9	18780	74	18755	18805	49	99
#F2F0F8	18830	124	18805	18855	99	149
#E7E4F2	18880	174	18855	18905	149	199
#FBFAFD	18930	224	18905	18955	199	249
#FBF5F4	18980	274	18955	19005	249	299
#FFFEFE	19030	324	19005	19055	299	349
#EAE7F4	19080	374	19055	19105	349	399
#FBFBFD	19130	424	19105	19155	399	449
#FCF8F8	19180	474	19155	19205	449	499
#F7ECEB	19230	524	19205	19255	499	549
#FBF5F4	19280	574	19255	19305	549	599
#FAFAFD	18780	24	18755	18805	-1	49
#EFEDF7	18880	124	18855	18905	99	149
#F8F0EF	18980	224	18955	19005	199	249
#E2C0BB	19080	324	19055	19105	299	349
#F2E2E0	19180	424	19155	19205	399	449
#F1EFF7	19280	524	19255	19305	499	549
#EFEDF6	18830	74	18805	18855	49	99
#EDD6D3	18930	174	18905	18955	149	199
#F5E8E6	19030	274	19005	19055	249	299
#DBB2AD	19130	374	19105	19155	349	399
#FDFBFB	19230	474	19205	19255	449	499
#F6EAE9	19330	574	19305	19355	549	599
#E7E4F2	18830	24	18805	18855	-1	49
#EAE7F4	18880	74	18855	18905	49	99
#FBF6F5	18930	124	18905	18955	99	149
#EFDBD9	18980	174	18955	19005	149	199
#E6C9C5	19030	224	19005	19055	199	249
#C28780	19080	274	19055	19105	249	299
#DEB9B4	19130	324	19105	19155	299	349
#B7736C	19180	374	19155	19205	349	399
#F9F1EF	19230	424	19205	19255	399	449
#F3E4E2	19280	474	19255	19305	449	499
#F2E2E0	19330	524	19305	19355	499	549
#EEECF6	18880	24	18855	18905	-1	49
#E9CFCC	18980	124	18955	19005	99	149
#EFDCD9	19080	224	19055	19105	199	249
#BC7C75	19180	324	19155	19205	299	349
#F1E0DE	19280	424	19255	19305	399	449
#FDFDFE	18930	74	18905	18955	49	99
#FDFAFA	19030	174	19005	19055	149	199
#CB958F	19130	274	19105	19155	249	299
#E3C3BE	19230	374	19205	19255	349	399
#FEFDFD	19330	474	19305	19355	449	499
#EBD3D0	19380	524	19355	19405	499	549
#E7E4F2	18930	24	18905	18955	-1	49
#EDEBF5	18980	74	18955	19005	49	99
#FAF3F2	19030	124	19005	19055	99	149
#E5C6C2	19080	174	19055	19105	149	199
#B97871	19130	224	19105	19155	199	249
#D6AAA5	19180	274	19155	19205	249	299
#A95E57	19230	324	19205	19255	299	349
#F8EEED	19280	374	19255	19305	349	399
#ECD5D2	19330	424	19305	19355	399	449
#EBD2CF	19380	474	19355	19405	449	499
#E8E4F2	18980	24	18955	19005	-1	49
#F0EEF7	19080	124	19055	19105	99	149
#DDB7B2	19180	224	19155	19205	199	249
#F0DEDB	19280	324	19255	19305	299	349
#E8CDCA	19380	424	19355	19405	399	449
#F9F9FC	19030	74	19005	19055	49	99
#F9F2F1	19130	174	19105	19155	149	199
#D1A09A	19230	274	19205	19255	249	299
#F3E3E1	19330	374	19305	19355	349	399
#F4E5E4	19430	474	19405	19455	449	499
#E0DBEE	19030	24	19005	19055	-1	49
#DED9ED	19080	74	19055	19105	49	99
#F6F4FA	19130	124	19105	19155	99	149
#FAF2F1	19180	174	19155	19205	149	199
#F9F1F0	19230	224	19205	19255	199	249
#F5E9E7	19280	274	19255	19305	249	299
#EED8D5	19330	324	19305	19355	299	349
#E3C2BE	19380	374	19355	19405	349	399
#DEB8B4	19430	424	19405	19455	399	449
#FFFFFF	19080	24	19055	19105	-1	49
#F6F5FA	19180	124	19155	19205	99	149
#F6EAE9	19280	224	19255	19305	199	249
#E9CFCB	19380	324	19355	19405	299	349
#F0EDF7	19130	74	19105	19155	49	99
#FEFDFE	19230	174	19205	19255	149	199
#F8EEED	19330	274	19305	19355	249	299
#D09E98	19430	374	19405	19455	349	399
#F3E4E2	19480	424	19455	19505	399	449
#EAE7F4	19130	24	19105	19155	-1	49
#DCD8EC	19180	74	19155	19205	49	99
#C5BEDF	19230	124	19205	19255	99	149
#ECE9F5	19280	174	19255	19305	149	199
#D2CCE7	19330	224	19305	19355	199	249
#E0BCB8	19380	274	19355	19405	249	299
#DAB2AD	19430	324	19405	19455	299	349
#DAB1AC	19480	374	19455	19505	349	399
#FDFCFE	19180	24	19155	19205	-1	49
#E2DEEF	19280	124	19255	19305	99	149
#F6EAE8	19380	224	19355	19405	199	249
#D6AAA4	19480	324	19455	19505	299	349
#E8E5F3	19230	74	19205	19255	49	99
#FFFFFF	19330	174	19305	19355	149	199
#E6C9C5	19430	274	19405	19455	249	299
#ECD4D1	19530	374	19505	19555	349	399
#F8EEED	19230	24	19205	19255	-1	49
#F6E9E8	19280	74	19255	19305	49	99
#F2E1DF	19330	124	19305	19355	99	149
#D7ACA6	19380	174	19355	19405	149	199
#ECD5D2	19430	224	19405	19455	199	249
#E6C8C4	19480	274	19455	19505	249	299
#E6C8C4	19530	324	19505	19555	299	349
#F9F8FC	19280	24	19255	19305	-1	49
#F0EEF7	19380	124	19355	19405	99	149
#E4C4C0	19480	224	19455	19505	199	249
#D9D4EA	19330	74	19305	19355	49	99
#FCF9F8	19430	174	19405	19455	149	199
#D4A6A1	19530	274	19505	19555	249	299
#EFDBD8	19580	324	19555	19605	299	349
#F1E1DE	19330	24	19305	19355	-1	49
#FEFEFE	19380	74	19355	19405	49	99
#F2E1DE	19430	124	19405	19455	99	149
#EDD8D5	19480	174	19455	19505	149	199
#EAD1CE	19530	224	19505	19555	199	249
#EDD7D4	19580	274	19555	19605	249	299
#F4F3F9	19380	24	19355	19405	-1	49
#F7F6FB	19480	124	19455	19505	99	149
#A95E57	19580	224	19555	19605	199	249
#B7AED8	19430	74	19405	19455	49	99
#D2A29C	19530	174	19505	19555	149	199
#E6C9C5	19630	274	19605	19655	249	299
#F3F1F8	19430	24	19405	19455	-1	49
#C8C0E1	19480	74	19455	19505	49	99
#E2C0BB	19530	124	19505	19555	99	149
#DAB1AC	19580	174	19555	19605	149	199
#DAB1AC	19630	224	19605	19655	199	249
#F4F2F9	19480	24	19455	19505	-1	49
#EED9D6	19580	124	19555	19605	99	149
#F8F7FB	19530	74	19505	19555	49	99
#C78F88	19630	174	19605	19655	149	199
#F0DDDB	19680	224	19655	19705	199	249
#E4E1F1	19530	24	19505	19555	-1	49
#D1A19B	19580	74	19555	19605	49	99
#C2867F	19630	124	19605	19655	99	149
#C8908A	19680	174	19655	19705	149	199
#DFBBB7	19580	24	19555	19605	-1	49
#9E4D47	19680	124	19655	19705	99	149
#C9928B	19630	74	19605	19655	49	99
#E5C6C2	19730	174	19705	19755	149	199
#F8EEED	19630	24	19605	19655	-1	49
#FAF4F4	19680	74	19655	19705	49	99
#F6EAE9	19730	124	19705	19755	99	149
#EBE8F4	19680	24	19655	19705	-1	49
#F8F7FB	19730	74	19705	19755	49	99
#FEFCFB	19780	124	19755	19805	99	149
#F6F5FA	19730	24	19705	19755	-1	49
#FBFBFD	19780	74	19755	19805	49	99
#FEFDFD	19780	24	19755	19805	-1	49
#F6F5FA	19830	74	19805	19855	49	99
#F7EDEB	19830	24	19805	19855	-1	49
#FDFDFE	19880	24	19855	19905	-1	49
